Player,Moment_Tier,Position,mean,count
A'Shawn Robinson,COMMON,DL,8.136645962732919,161
A.J. Brown,COMMON,WR,22.125,192
A.J. Brown,RARE,WR,197.94117647058823,17
A.J. Green,COMMON,WR,7.598591549295775,142
A.J. Green,RARE,WR,46.1,10
A.J. Moore Jr.,COMMON,DB,7.261261261261262,111
A.J. Terrell,COMMON,DB,7.819047619047619,210
AJ Dillon,COMMON,RB,14.275510204081632,196
Aaron Donald,COMMON,DL,37.3,90
Aaron Donald,LEGENDARY,DL,1274.5,4
Aaron Donald,RARE,DL,78.37349397590361,166
Aaron Jones,COMMON,RB,16.84789156626506,664
Aaron Rodgers,COMMON,QB,30.975409836065573,366
Aaron Rodgers,LEGENDARY,QB,9625.0,2
Aaron Rodgers,RARE,QB,158.9512195121951,41
Adam Butler,COMMON,DL,7.063492063492063,126
Adam Thielen,COMMON,WR,8.04296875,256
Adrian Peterson,COMMON,RB,8.166666666666666,198
Aeneas Williams,RARE,DB,38.15,20
Ahman Green,RARE,RB,48.833333333333336,6
Aidan Hutchinson,LEGENDARY,DL,882.6666666666666,15
Akiem Hicks,COMMON,DL,7.043478260869565,161
Albert Okwuegbunam,COMMON,TE,7.655882352941177,340
Alex Okafor,COMMON,DL,7.021428571428571,140
Alex Singleton,COMMON,LB,9.596059113300493,406
Alexander Mattison,COMMON,RB,7.504385964912281,228
Ali Marpet,RARE,OL,64.65986394557824,147
Allen Lazard,COMMON,WR,8.86530612244898,245
Allen Lazard,RARE,WR,63.9,10
Allen Robinson II,COMMON,WR,9.117397454031117,707
Alvin Kamara,COMMON,RB,21.033991228070175,912
Alvin Kamara,RARE,RB,81.65625,32
Amani Oruwariye,RARE,DB,49.20245398773006,163
Amari Cooper,COMMON,WR,18.396103896103895,154
Amari Cooper,LEGENDARY,WR,730.3333333333334,3
Amari Cooper,RARE,WR,43.434108527131784,129
Ambry Thomas,COMMON,DB,13.154838709677419,155
Amon-Ra St. Brown,COMMON,WR,19.24206349206349,252
Amon-Ra St. Brown,LEGENDARY,WR,999.0,1
Amon-Ra St. Brown,RARE,WR,78.65259740259741,308
Andre Roberts,RARE,WR,39.625,8
Andrew Whitworth,COMMON,OL,8.292134831460674,89
Andy Dalton,COMMON,QB,14.462048636698599,1357
Anquan Boldin,RARE,WR,43.526315789473685,19
Anthony Barr,RARE,LB,47.833333333333336,12
Antoine Wesley,COMMON,WR,7.364285714285714,140
Antonio Freeman,COMMON,WR,7.3671875,128
Antonio Gibson,COMMON,RB,9.562700964630226,311
Arizona Cardinals,COMMON,Team,11.206349206349206,189
Arizona Cardinals,LEGENDARY,Team,1200.0,1
Asante Samuel,RARE,DB,38.47142857142857,70
Ashton Dulin,COMMON,WR,9.139219015280135,589
Atlanta Falcons,COMMON,Team,12.264,500
Austin Ekeler,COMMON,RB,29.228693181818183,1408
Austin Ekeler,LEGENDARY,RB,1050.0,1
Austin Ekeler,RARE,RB,145.31034482758622,29
Azeez Ojulari,COMMON,LB,11.077844311377245,501
Baker Mayfield,COMMON,QB,9.46039603960396,202
Baker Mayfield,RARE,QB,40.095238095238095,63
Baltimore Ravens,COMMON,Team,11.704081632653061,196
Baltimore Ravens,RARE,Team,144.41176470588235,17
Ben Roethlisberger,COMMON,QB,8.32,100
Ben Skowronek,COMMON,WR,11.623931623931623,234
Blake Lynch,COMMON,LB,6.7936507936507935,126
Bobby McCain,COMMON,DB,7.333333333333333,192
Bobby Wagner,RARE,LB,57.9126213592233,103
Boston Scott,COMMON,RB,8.053231939163497,263
Bradley Chubb,RARE,LB,69.04255319148936,47
Brandin Cooks,RARE,WR,70.9,40
Brandin Echols,COMMON,DB,7.262626262626263,99
Brandon Aiyuk,COMMON,WR,11.545263157894738,475
Brandon McManus,COMMON,K,7.477528089887641,178
Brandon Powell,RARE,WR,47.875,8
Braxton Berrios,COMMON,WR,7.238532110091743,109
Braxton Berrios,RARE,WR,47.75,8
Breece Hall,COMMON,RB,26.51031553398058,1648
Breshad Perriman,LEGENDARY,WR,684.5,2
Brett Favre,COMMON,QB,36.06849315068493,73
Brett Favre,LEGENDARY,QB,1137.0,2
Brett Favre,RARE,QB,71.70967741935483,31
Brian Burns,COMMON,DL,7.207792207792208,154
Brian Dawkins,RARE,DB,42.666666666666664,48
Brian Johnson,COMMON,K,9.115384615384615,104
Brian Urlacher,COMMON,LB,8.762237762237762,143
Brian Urlacher,LEGENDARY,LB,943.0,6
Brock Wright,COMMON,TE,8.086486486486486,185
Bryan Edwards,RARE,WR,37.38095238095238,21
Bryant Young,LEGENDARY,DL,743.0,8
Bryant Young,RARE,DL,62.755102040816325,49
Budda Baker,COMMON,DB,6.854651162790698,172
Budda Baker,RARE,DB,46.54545454545455,11
Buffalo Bills,COMMON,Team,21.809128630705395,241
Buffalo Bills,RARE,Team,336.0,7
Byron Leftwich,COMMON,QB,7.59433962264151,106
Byron Murphy Jr.,COMMON,DB,8.524444444444445,225
Byron Pringle,COMMON,WR,7.420289855072464,138
C.J. Gardner-Johnson,COMMON,DB,9.098901098901099,91
C.J. Mosley,COMMON,LB,7.069444444444445,144
C.J. Uzomah,COMMON,TE,8.777777777777779,135
Cade York,COMMON,K,21.90203562340967,786
Calvin Johnson,COMMON,WR,9.494117647058824,170
Cam Akers,COMMON,RB,6.891472868217054,258
Cam Newton,COMMON,QB,7.401041666666667,192
Cam Sims,RARE,WR,36.484848484848484,33
Cameron Heyward,RARE,DL,81.95,20
Cameron Jordan,RARE,DL,92.56521739130434,69
Cameron Sutton,COMMON,DB,8.419501133786849,441
Carlos Dunlap,RARE,DL,67.9672131147541,61
Carlos Watkins,RARE,DL,58.20618556701031,97
Carolina Panthers,COMMON,Team,12.014423076923077,208
Carson Wentz,COMMON,QB,17.066518847006652,902
Carson Wentz,RARE,QB,58.067796610169495,59
Casey Hayward,RARE,DB,42.8,15
Cedrick Wilson Jr.,COMMON,WR,7.5851851851851855,135
CeeDee Lamb,COMMON,WR,32.29037520391517,613
CeeDee Lamb,RARE,WR,203.77105831533478,463
Chad Johnson,COMMON,WR,8.96938775510204,392
Chad Johnson,LEGENDARY,WR,658.0,6
Chandler Jones,RARE,LB,54.96153846153846,26
Charles Harris,COMMON,LB,6.777777777777778,108
Charles Tillman,COMMON,DB,7.864864864864865,111
Charles Tillman,LEGENDARY,DB,728.6666666666666,3
Chase Claypool,COMMON,WR,7.687203791469194,211
Chase Claypool,RARE,WR,40.81481481481482,27
Chase Edmonds,COMMON,RB,10.93452380952381,504
Chicago Bears,RARE,Team,120.05504587155963,218
Chidobe Awuzie,COMMON,DB,7.925,120
Chidobe Awuzie,RARE,DB,43.333333333333336,45
Chris Conley,COMMON,WR,7.056,125
Chris Godwin,RARE,WR,98.36571428571429,175
Chris Harris Jr.,COMMON,DB,7.377777777777778,90
Chris Jones,COMMON,DL,7.214285714285714,126
Chris Miller,COMMON,QB,11.08235294117647,170
Chris Olave,COMMON,WR,15.735802469135802,405
Christian Kirk,COMMON,WR,10.76271186440678,236
Christian McCaffrey,COMMON,RB,26.491620111731844,358
Christian McCaffrey,RARE,RB,71.82539682539682,63
Christian Watson,COMMON,WR,8.284280936454849,299
Christian Wilkins,RARE,DL,67.30952380952381,42
Chuba Hubbard,COMMON,RB,9.418604651162791,215
Chuck Clark,RARE,DB,44.18181818181818,55
Cincinnati Bengals,COMMON,Team,52.30630190522716,2047
Cincinnati Bengals,LEGENDARY,Team,2049.3333333333335,3
Cincinnati Bengals,RARE,Team,191.23076923076923,143
Cliff Branch,LEGENDARY,WR,687.0,2
Cliff Branch,RARE,WR,42.6,10
Clyde Edwards-Helaire,COMMON,RB,16.24137931034483,464
Clyde Edwards-Helaire,RARE,RB,58.745370370370374,216
Cole Holcomb,RARE,LB,41.80952380952381,42
Cooper Kupp,COMMON,WR,26.72089947089947,1512
Cooper Kupp,RARE,WR,189.3953488372093,43
Cooper Rush,COMMON,QB,15.940119760479043,501
Cordarrelle Patterson,COMMON,WR,16.87280701754386,456
Cordarrelle Patterson,RARE,WR,45.1875,64
Courtland Sutton,COMMON,WR,27.669103501346672,2599
Courtland Sutton,RARE,WR,122.03076923076924,65
Cris Carter,COMMON,WR,7.905982905982906,117
Cris Carter,LEGENDARY,WR,799.0,1
Cyril Grayson,COMMON,WR,7.909090909090909,121
D'Andre Swift,COMMON,RB,18.729257641921397,229
D'Andre Swift,RARE,RB,68.60098522167488,203
D'Ernest Johnson,COMMON,RB,7.408333333333333,120
D'Onta Foreman,COMMON,RB,7.109589041095891,146
D.J. Reader,COMMON,DL,6.926829268292683,123
D.J. Reed,RARE,DB,45.04982206405694,281
DJ Chark Jr.,COMMON,WR,6.94758064516129,248
DJ Moore,COMMON,WR,15.077777777777778,180
DJ Moore,RARE,WR,55.142857142857146,28
DK Metcalf,COMMON,WR,23.53340402969247,943
DK Metcalf,RARE,WR,154.81578947368422,38
Dak Prescott,COMMON,QB,22.098712446351932,233
Dak Prescott,LEGENDARY,QB,2800.0,1
Dallas Cowboys,COMMON,Team,28.469565217391306,230
Dallas Goedert,RARE,TE,176.45454545454547,22
Dalvin Cook,LEGENDARY,RB,1350.0,1
Dalvin Cook,RARE,RB,185.72058823529412,68
Dameon Pierce,LEGENDARY,RB,795.0,1
Damien Harris,COMMON,RB,11.557103064066853,359
Damien Harris,RARE,RB,52.625,32
Damiere Byrd,COMMON,WR,8.079710144927537,138
Daniel Jones,COMMON,QB,14.80045871559633,436
Daniel Jones,RARE,QB,42.333333333333336,39
Daniel Sorensen,RARE,DB,50.206896551724135,116
Dare Ogunbowale,COMMON,RB,9.6,105
Darius Leonard,RARE,LB,80.77777777777777,27
Darius Slay Jr.,LEGENDARY,DB,635.75,4
Darius Slay Jr.,RARE,DB,66.84444444444445,45
Darius Slayton,COMMON,WR,7.28125,160
Darnell Mooney,COMMON,WR,10.49,300
Darnell Mooney,RARE,WR,48.17391304347826,23
Darrel Williams,COMMON,RB,7.2890625,128
Darrell Henderson,COMMON,RB,11.631818181818181,220
Darren Waller,COMMON,TE,13.103351955307263,358
Daunte Culpepper,COMMON,QB,7.015037593984962,133
Davante Adams,COMMON,WR,75.93350383631713,1173
Davante Adams,LEGENDARY,WR,2996.6666666666665,3
Davante Adams,RARE,WR,170.05882352941177,85
David Long Jr.,RARE,DB,39.84090909090909,44
David Long Jr.,RARE,LB,47.42857142857143,14
David Montgomery,COMMON,RB,10.86096256684492,374
David Njoku,COMMON,TE,9.427860696517413,201
Davis Mills,COMMON,QB,18.942708333333332,192
Davis Mills,LEGENDARY,QB,1200.0,1
Davis Mills,RARE,QB,43.11764705882353,68
Dawson Knox,COMMON,TE,7.93125,160
De'Vondre Campbell,COMMON,LB,9.044444444444444,135
De'Vondre Campbell,RARE,LB,51.5,12
DeSean Jackson,RARE,WR,88.9,10
DeVante Parker,COMMON,WR,7.3107344632768365,177
DeVante Parker,RARE,WR,29.87272727272727,55
DeVonta Smith,COMMON,WR,19.20746887966805,241
DeVonta Smith,LEGENDARY,WR,1323.0,3
DeVonta Smith,RARE,WR,84.7,30
Decobie Durant,COMMON,DB,10.42560553633218,289
Deebo Samuel,COMMON,WR,24.438447971781304,2835
Deebo Samuel,RARE,WR,134.64,75
Demarcus Lawrence,RARE,DL,88.04,25
Demarcus Robinson,COMMON,WR,7.5139664804469275,179
Demario Davis,RARE,LB,41.3125,96
Denver Broncos,COMMON,Team,18.810185185185187,216
Denzel Perryman,COMMON,LB,7.055555555555555,162
Denzel Ward,COMMON,DB,9.895953757225433,173
Denzel Ward,RARE,DB,43.45945945945946,37
Derek Carr,COMMON,QB,23.03640776699029,412
Derek Carr,RARE,QB,69.88,25
Derrick Brooks,COMMON,LB,10.509756097560976,410
Derrick Brown,COMMON,DL,7.009009009009009,111
Derrick Gore,RARE,RB,55.795918367346935,49
Derrick Henry,COMMON,RB,33.619804400978,818
Derrick Henry,LEGENDARY,RB,800.0,1
Derwin James Jr.,COMMON,DB,12.61890243902439,328
Detroit Lions,COMMON,Team,9.337278106508876,169
Detroit Lions,RARE,Team,179.5,6
Devin Duvernay,RARE,WR,71.25333333333333,225
Devin McCourty,RARE,DB,51.74193548387097,31
Devin Singletary,COMMON,RB,7.745341614906832,483
Devonta Freeman,COMMON,RB,7.158333333333333,120
Diontae Johnson,COMMON,WR,8.93063583815029,173
Diontae Johnson,RARE,WR,49.16260162601626,123
Donald Driver,COMMON,WR,7.337349397590361,83
Donald Driver,RARE,WR,39.4,10
Donovan Peoples-Jones,COMMON,WR,7.231638418079096,177
Dont'a Hightower,RARE,LB,50.57142857142857,14
Drake London,COMMON,WR,24.255351681957187,1308
Dre' Bly,RARE,DB,48.82575757575758,132
Dre'Mont Jones,COMMON,DL,9.221411192214111,411
Drew Lock,COMMON,QB,6.95906432748538,171
Duron Harmon,COMMON,DB,6.96969696969697,264
Dyami Brown,COMMON,WR,13.883008356545961,1436
Elijah Mitchell,COMMON,RB,12.269021739130435,368
Elijah Mitchell,LEGENDARY,RB,720.0,2
Elijah Moore,COMMON,WR,9.73469387755102,196
Evan Engram,COMMON,TE,6.928104575163399,153
Evan McPherson,COMMON,K,13.317180616740089,227
Evan McPherson,LEGENDARY,K,1484.6666666666667,6
Ezekiel Elliott,RARE,RB,158.4848484848485,33
Fletcher Cox,RARE,DL,61.625,104
Foster Moreau,COMMON,TE,7.484472049689441,161
Foye Oluokun,COMMON,LB,8.914893617021276,282
Gabriel Davis,COMMON,WR,23.38863287250384,1302
Gardner Minshew II,COMMON,QB,7.918032786885246,244
Garrett Bradbury,RARE,OL,60.8,5
Garrett Wilson,COMMON,WR,19.572755417956657,646
Geno Smith,COMMON,QB,11.914193200215866,1853
George Kittle,COMMON,TE,10.864864864864865,333
George Kittle,RARE,TE,76.0,28
George Pickens,LEGENDARY,WR,1099.5,8
Germaine Pratt,RARE,LB,41.8252427184466,103
Green Bay Packers,LEGENDARY,Team,2599.5,2
Green Bay Packers,RARE,Team,149.27272727272728,11
Greg Jennings,RARE,WR,38.46666666666667,15
Gregory Rousseau,COMMON,DL,15.51048951048951,143
Gregory Rousseau,LEGENDARY,DL,1033.1666666666667,6
Harrison Butker,COMMON,K,9.902097902097902,143
Hayden Hurst,COMMON,TE,10.28298611111111,1152
Herman Moore,COMMON,WR,7.309278350515464,97
Houston Texans,COMMON,Team,11.787709497206704,179
Hunter Henry,COMMON,TE,7.027397260273973,146
Hunter Renfrow,COMMON,WR,9.62532981530343,379
Hunter Renfrow,RARE,WR,44.85,20
Ihmir Smith-Marsette,COMMON,WR,7.830275229357798,218
Indianapolis Colts,COMMON,Team,18.139622641509433,265
Isaiah McKenzie,COMMON,WR,7.847368421052631,190
J.C. Jackson,COMMON,DB,8.014598540145986,274
J.J. Watt,RARE,DL,75.72093023255815,43
Ja'Marr Chase,COMMON,WR,46.522608695652174,1150
Ja'Marr Chase,LEGENDARY,WR,4897.5,2
Ja'Marr Chase,RARE,WR,152.27027027027026,74
Jack Jones,COMMON,DB,9.606451612903227,155
Jacksonville Jaguars,LEGENDARY,Team,670.8571428571429,14
Jacksonville Jaguars,RARE,Team,162.77777777777777,45
Jacoby Brissett,COMMON,QB,7.319298245614035,285
Jadeveon Clowney,COMMON,DL,8.034090909090908,88
Jaelan Phillips,RARE,LB,110.5,6
Jaire Alexander,COMMON,DB,10.760299625468164,267
Jakeem Grant Sr.,RARE,WR,37.642857142857146,14
Jakobi Meyers,COMMON,WR,7.537383177570093,214
Jakobi Meyers,RARE,WR,41.67567567567568,37
Jalen Hurts,COMMON,QB,46.62149532710281,642
Jalen Hurts,RARE,QB,163.72093023255815,43
Jalen Pitre,COMMON,DB,8.577922077922079,154
Jalen Ramsey,COMMON,DB,9.505494505494505,182
Jalen Ramsey,LEGENDARY,DB,1350.0,1
Jalen Ramsey,RARE,DB,73.17647058823529,102
Jalen Reagor,COMMON,WR,8.82857142857143,315
Jalen Reeves-Maybin,COMMON,LB,6.931818181818182,132
Jamaal Williams,COMMON,RB,8.854251012145749,247
Jamal Agnew,COMMON,WR,6.613333333333333,150
Jamal Agnew,RARE,WR,45.04225352112676,71
Jameis Winston,COMMON,QB,8.939622641509434,265
Jameis Winston,RARE,QB,37.49523809523809,105
Jamel Dean,RARE,DB,57.028824833702885,451
James Conner,COMMON,RB,9.272727272727273,341
James Conner,LEGENDARY,RB,845.0,1
James Robinson,COMMON,RB,10.162068965517241,290
James Robinson,RARE,RB,42.92125984251968,127
James Washington,RARE,WR,37.4,25
Jared Cook,COMMON,TE,6.804195804195804,143
Jared Goff,RARE,QB,125.22137404580153,262
Jarvis Landry,COMMON,WR,7.076923076923077,169
Jarvis Landry,RARE,WR,46.74418604651163,43
Javon Walker,COMMON,WR,8.958174904942966,263
Javonte Williams,COMMON,RB,20.55128205128205,468
Javonte Williams,LEGENDARY,RB,850.0,3
Javonte Williams,RARE,RB,71.11428571428571,35
Jaylen Waddle,COMMON,WR,28.038314176245212,261
Jaylen Waddle,RARE,WR,175.2941176470588,17
Jaylen Watson,RARE,DB,55.21965317919075,173
Jayron Kearse,RARE,DB,56.015625,128
Jeffery Simmons,RARE,DL,57.66487935656836,373
Jelani Woods,COMMON,TE,7.471153846153846,208
Jerick McKinnon,COMMON,RB,8.708812260536398,261
Jerome Baker,COMMON,LB,9.348101265822784,158
Jerricho Cotchery,RARE,WR,40.888888888888886,9
Jerry Jeudy,COMMON,WR,12.20073664825046,1086
Jessie Bates III,COMMON,DB,7.454545454545454,110
Jimmie Ward,COMMON,DB,8.604989604989605,481
Jimmy Garoppolo,COMMON,QB,27.772808586762075,559
Jimmy Garoppolo,RARE,QB,53.236559139784944,186
Joe Burrow,COMMON,QB,42.732421875,1536
Joe Burrow,LEGENDARY,QB,2450.0,1
Joe Burrow,RARE,QB,179.17241379310346,29
Joe Haden,RARE,DB,71.0,11
Joe Mixon,COMMON,RB,20.465314136125656,1528
Joe Mixon,LEGENDARY,RB,797.0,2
Joe Schobert,COMMON,LB,9.42361111111111,144
Joey Bosa,COMMON,DL,8.330985915492958,142
Joey Bosa,RARE,DL,109.5,20
Johnnie Morton,RARE,WR,49.32592592592592,135
Jonathan Taylor,COMMON,RB,29.28980322003578,559
Jonathan Taylor,RARE,RB,151.78947368421052,19
Jordan Love,COMMON,QB,8.375527426160337,237
Jordan Poyer,COMMON,DB,12.914893617021276,141
Jordan Willis,LEGENDARY,DL,920.0,1
Josh Allen,COMMON,QB,48.43085880640466,687
Josh Allen,LEGENDARY,QB,4275.0,2
Josh Allen,RARE,LB,75.21875,32
Josh Gordon,COMMON,WR,7.114503816793893,131
Josh Jacobs,COMMON,RB,14.002933985330074,2045
Josh Jacobs,RARE,RB,44.12903225806452,31
Josh Johnson,COMMON,QB,9.007633587786259,131
Josh Palmer,COMMON,WR,10.898395721925134,187
Josh Reynolds,COMMON,WR,7.331360946745562,169
Josiah Deguara,COMMON,TE,7.364341085271318,129
JuJu Smith-Schuster,COMMON,WR,10.787878787878787,396
Julian Love,COMMON,DB,7.96,300
Julio Jones,COMMON,WR,9.170854271356784,199
Julio Jones,LEGENDARY,WR,748.0,6
Justin Fields,COMMON,QB,24.31236897274633,477
Justin Fields,RARE,QB,54.26086956521739,138
Justin Herbert,COMMON,QB,31.992248062015506,258
Justin Herbert,LEGENDARY,QB,3866.3333333333335,3
Justin Herbert,RARE,QB,1000.4827586206897,29
Justin Jefferson,COMMON,WR,55.087899543378995,876
Justin Jefferson,LEGENDARY,WR,924.8,5
Justin Simmons,RARE,DB,54.714285714285715,28
Justin Tucker,RARE,K,184.15277777777777,72
K'Waun Williams,COMMON,DB,8.994565217391305,1104
K.J. Osborn,COMMON,WR,9.603260869565217,184
K.J. Osborn,RARE,WR,37.9375,16
Ka'imi Fairbairn,COMMON,K,6.709219858156028,141
Kadarius Toney,COMMON,WR,11.382594417077176,609
Kam Chancellor,RARE,DB,47.672413793103445,232
Kamu Grugier-Hill,COMMON,LB,8.0,135
Kansas City Chiefs,COMMON,Team,15.297427652733118,622
Kansas City Chiefs,LEGENDARY,Team,1445.0,2
Kareem Hunt,COMMON,RB,9.096078431372549,510
Ke'Shawn Vaughn,RARE,RB,63.78378378378378,148
Keelan Cole,COMMON,WR,7.208053691275167,149
Keenan Allen,COMMON,WR,13.993865030674847,163
Keenan Allen,RARE,WR,59.56521739130435,23
Kendall Blanton,COMMON,TE,7.718918918918919,185
Kendrick Bourne,COMMON,WR,7.583673469387755,245
Kendrick Bourne,RARE,WR,37.8125,16
Kenneth Gainwell,COMMON,RB,9.23611111111111,360
Kenny Golladay,COMMON,WR,7.218543046357616,151
Kenny Moore II,COMMON,DB,10.286686103012634,1029
Kenny Pickett,COMMON,QB,17.78014184397163,423
Kevin Byard,RARE,DB,39.84126984126984,63
Kevin Williams,COMMON,DL,6.967741935483871,124
Keyshawn Johnson,COMMON,WR,10.380132450331125,755
Khalil Herbert,COMMON,RB,22.537974683544302,474
Khalil Herbert,RARE,RB,37.775,40
Khalil Mack,RARE,LB,137.77777777777777,27
Kirk Cousins,RARE,QB,101.68852459016394,61
Kwity Paye,COMMON,DL,12.63076923076923,520
Kyle Hamilton,COMMON,DB,7.422794117647059,272
Kyle Pitts,COMMON,TE,18.907894736842106,304
Kyle Pitts,RARE,TE,113.64285714285714,28
Kyle Rudolph,COMMON,TE,7.697841726618705,139
Kyler Murray,COMMON,QB,11.604486422668241,847
Kyler Murray,LEGENDARY,QB,1112.0,5
Kyler Murray,RARE,QB,171.84,25
Lamar Jackson,COMMON,QB,65.08566433566433,1716
Lamar Jackson,LEGENDARY,QB,1683.6363636363637,11
Lance Briggs,COMMON,LB,13.75,64
Lance Briggs,RARE,LB,42.416666666666664,36
Landon Collins,COMMON,DB,7.085308056872038,211
Lane Johnson,COMMON,OL,8.382608695652173,230
Laquon Treadwell,COMMON,WR,6.859375,128
Larry Fitzgerald,COMMON,WR,8.191836734693878,245
Las Vegas Raiders,COMMON,Team,21.630434782608695,276
Las Vegas Raiders,RARE,Team,135.71428571428572,14
Latavius Murray,RARE,RB,57.198019801980195,101
Laveranues Coles,COMMON,WR,6.868421052631579,76
Laviska Shenault Jr.,COMMON,WR,6.532679738562091,306
LeRoy Butler,COMMON,DB,7.409722222222222,144
LeRoy Butler,RARE,DB,43.3,10
Leighton Vander Esch,RARE,LB,58.02857142857143,70
Leonard Floyd,COMMON,LB,8.008,125
Leonard Fournette,COMMON,RB,9.526143790849673,306
Leonard Fournette,LEGENDARY,RB,780.0,6
Leonard Fournette,RARE,RB,155.57142857142858,42
Leonard Williams,COMMON,DL,9.151724137931035,145
Levi Wallace,COMMON,DB,7.1866666666666665,150
Lil'Jordan Humphrey,COMMON,WR,6.901785714285714,112
Logan Cooke,COMMON,P,7.2924528301886795,106
Logan Thomas,RARE,TE,55.25,28
Logan Wilson,RARE,LB,46.35849056603774,53
London Fletcher,RARE,LB,40.808510638297875,47
Los Angeles Rams,COMMON,Team,26.292418772563177,277
Los Angeles Rams,RARE,Team,150.74683544303798,79
Mac Jones,COMMON,QB,13.584444444444445,450
Mac Jones,LEGENDARY,QB,1579.0,1
Mack Hollins,COMMON,WR,9.364457831325302,332
Mack Hollins,RARE,WR,29.927272727272726,55
Malik Turner,RARE,WR,56.74747474747475,198
Marcus Williams,RARE,DB,39.56877323420074,269
Mark Andrews,COMMON,TE,28.572469045884922,1373
Mark Andrews,LEGENDARY,TE,1199.75,4
Mark Andrews,RARE,TE,109.72727272727273,22
Mark Brunell,COMMON,QB,10.24767801857585,323
Mark Clayton,RARE,WR,49.0,5
Marlon Davidson,RARE,DL,54.22935779816514,218
Marquez Callaway,RARE,WR,37.82608695652174,23
Marquez Valdes-Scantling,COMMON,WR,8.975265017667844,283
Marquise Brown,COMMON,WR,10.025270758122744,277
Marshon Lattimore,RARE,DB,53.81818181818182,11
Marvin Harrison,COMMON,WR,12.735346358792185,563
Marvin Harrison,RARE,WR,58.0,17
Marvin Jones Jr.,COMMON,WR,7.709302325581396,172
Matt Hasselbeck,COMMON,QB,11.044776119402986,67
Matt Hasselbeck,RARE,QB,49.018348623853214,109
Matt Ryan,COMMON,QB,7.5271317829457365,258
Matt Ryan,RARE,QB,172.55769230769232,104
Matthew Ioannidis,COMMON,DL,6.792792792792793,111
Matthew Judon,RARE,LB,57.123456790123456,567
Matthew Stafford,COMMON,QB,17.18720602069614,2126
Matthew Stafford,RARE,QB,92.57142857142857,21
Maxx Crosby,COMMON,DL,10.844686648501362,367
Maxx Crosby,RARE,DL,69.0,44
Mecole Hardman,COMMON,WR,8.322709163346614,251
Mecole Hardman,RARE,WR,67.24489795918367,49
Melvin Gordon III,COMMON,RB,12.432753164556962,1264
Melvin Gordon III,RARE,RB,67.20689655172414,29
Melvin Ingram,COMMON,LB,8.407185628742514,167
Miami Dolphins,COMMON,Team,34.385481852315394,799
Miami Dolphins,RARE,Team,138.53475935828877,187
Micah Hyde,LEGENDARY,DB,793.0,4
Micah Hyde,RARE,DB,60.21739130434783,23
Micah Parsons,COMMON,LB,10.556942277691107,641
Micah Parsons,RARE,LB,438.46666666666664,15
Michael Carter,COMMON,RB,7.88,175
Michael Carter,RARE,RB,59.083333333333336,12
Michael Gallup,COMMON,WR,10.037267080745341,161
Michael Gallup,RARE,WR,65.92592592592592,27
Michael Pittman Jr.,COMMON,WR,31.24822695035461,705
Michael Pittman Jr.,RARE,WR,79.4920634920635,63
Michael Thomas,COMMON,WR,12.725,240
Michael Thomas,LEGENDARY,WR,608.3333333333334,3
Mike Evans,COMMON,WR,17.399074609600927,1729
Mike Evans,LEGENDARY,WR,1269.0,1
Mike Evans,RARE,WR,101.75806451612904,186
Mike Gesicki,COMMON,TE,7.735224586288416,423
Mike Hilton,COMMON,DB,7.138211382113822,123
Mike Hughes,RARE,DB,48.455555555555556,180
Mike Williams,LEGENDARY,WR,850.0,1
Mike Williams,RARE,WR,84.65062761506276,956
Miles Sanders,COMMON,RB,20.841803865425913,1397
Minkah Fitzpatrick,RARE,DB,70.31506849315069,73
Minnesota Vikings,COMMON,Team,22.546153846153846,130
Mo Alie-Cox,COMMON,TE,10.188090050835148,1377
Mykal Walker,RARE,LB,41.916666666666664,72
Myles Bryant,COMMON,DB,13.443686006825939,1172
Myles Garrett,COMMON,DL,11.863013698630137,146
Myles Garrett,RARE,DL,101.30952380952381,42
Myles Gaskin,COMMON,RB,6.83453237410072,139
N'Keal Harry,RARE,WR,45.4,15
Najee Harris,COMMON,RB,11.913370998116761,531
Najee Harris,RARE,RB,163.1,20
Ndamukong Suh,COMMON,DL,6.921658986175115,217
Nelson Agholor,RARE,WR,39.50413223140496,121
New England Patriots,RARE,Team,131.46524064171123,187
New Orleans Saints,LEGENDARY,Team,1933.75,4
New York Giants,COMMON,Team,15.474654377880185,217
New York Jets,LEGENDARY,Team,818.1428571428571,7
Nick Bolton,COMMON,LB,7.081761006289308,159
Nick Bolton,LEGENDARY,LB,1487.25,4
Nick Bosa,COMMON,DL,14.96793002915452,343
Nick Bosa,RARE,DL,95.94202898550725,69
Nick Chubb,COMMON,RB,20.201333333333334,750
Nick Chubb,LEGENDARY,RB,960.0,1
Nick Chubb,RARE,RB,63.12765957446808,141
Nick Niemann,COMMON,LB,9.88679245283019,106
Noah Fant,COMMON,TE,7.773972602739726,146
Noah Gray,COMMON,TE,6.992248062015504,129
Nyheim Hines,COMMON,RB,12.342342342342342,1221
Odell Beckham Jr.,COMMON,WR,9.163179916317992,239
Odell Beckham Jr.,LEGENDARY,WR,949.0,1
Odell Beckham Jr.,RARE,WR,112.14285714285714,21
Olamide Zaccheaus,COMMON,WR,7.104895104895105,286
P.J. Williams,COMMON,DB,6.6568627450980395,102
Pat Freiermuth,COMMON,TE,10.175438596491228,171
Pat Surtain II,RARE,DB,40.142857142857146,28
Patrick Mahomes II,COMMON,QB,54.684444444444445,900
Patrick Mahomes II,LEGENDARY,QB,8891.666666666666,3
Patrick Mahomes II,RARE,QB,698.5581395348837,86
Patrick Peterson,COMMON,DB,9.36697247706422,218
Patrick Peterson,RARE,DB,45.0,17
Patrick Surtain II,COMMON,DB,19.16301703163017,411
Patrick Surtain II,LEGENDARY,DB,943.0,7
Paulson Adebo,RARE,DB,51.15,20
Philadelphia Eagles,COMMON,Team,22.09176470588235,425
Philadelphia Eagles,RARE,Team,59.84,25
Pierre Desir,COMMON,DB,7.26890756302521,119
Pittsburgh Steelers,COMMON,Team,18.730263157894736,152
Pittsburgh Steelers,LEGENDARY,Team,1999.0,1
Pittsburgh Steelers,RARE,Team,76.81818181818181,55
Pressley Harvin III,LEGENDARY,P,1383.4,5
Preston Smith,COMMON,LB,8.618055555555555,144
Quez Watkins,RARE,WR,45.13636363636363,22
Quinn Meinerz,RARE,OL,80.5,10
Randall Cunningham,COMMON,QB,8.890052356020943,191
Randall Cunningham,LEGENDARY,QB,1300.0,1
Randy Gregory,COMMON,DL,10.671328671328672,143
Rashaad Penny,COMMON,RB,6.386986301369863,292
Rashaad Penny,LEGENDARY,RB,800.0,1
Rashaad Penny,RARE,RB,148.77240566037736,848
Rasheem Green,RARE,DL,56.89473684210526,190
Rashod Bateman,LEGENDARY,WR,1700.0,1
Rashod Bateman,RARE,WR,80.55345911949685,159
Rasul Douglas,RARE,DB,43.77272727272727,22
Reggie White,COMMON,DL,24.636363636363637,55
Reggie White,RARE,DL,64.675,40
Rhamondre Stevenson,COMMON,RB,15.536516853932584,356
Richard Seymour,LEGENDARY,DL,822.0,2
Richard Seymour,RARE,DL,61.4,40
Richard Sherman,COMMON,DB,8.126666666666667,150
Richard Sherman,LEGENDARY,DB,845.3333333333334,6
Ricky Williams,COMMON,RB,8.78125,224
Ricky Williams,RARE,RB,41.666666666666664,12
Riley Dixon,COMMON,P,7.13768115942029,138
Rob Gronkowski,COMMON,TE,16.282828282828284,99
Robby Anderson,COMMON,WR,7.3125,208
Robert Quinn,RARE,LB,58.391304347826086,23
Robert Woods,COMMON,WR,7.804511278195489,266
Rondale Moore,COMMON,WR,8.678571428571429,280
Roy Williams,COMMON,WR,7.3431372549019605,102
Russell Gage,COMMON,WR,7.754098360655738,366
Russell Gage,RARE,WR,39.65714285714286,70
Russell Wilson,COMMON,QB,39.23664122137404,393
Russell Wilson,RARE,QB,165.0,14
Ryan Tannehill,COMMON,QB,17.368721461187214,876
Ryan Tannehill,RARE,QB,49.34285714285714,35
Sam Hubbard,COMMON,DL,7.177966101694915,118
Sam Mills,LEGENDARY,LB,806.75,12
Sam Mills,RARE,LB,62.78947368421053,19
Samaje Perine,RARE,RB,63.06896551724138,87
Sammy Watkins,COMMON,WR,8.571428571428571,357
San Francisco 49ers,RARE,Team,100.47272727272727,55
Saquon Barkley,COMMON,RB,42.41454081632653,784
Saquon Barkley,LEGENDARY,RB,1600.0,1
Saquon Barkley,RARE,RB,91.48717948717949,195
Sauce Gardner,COMMON,DB,11.29559748427673,318
Scotty Miller,COMMON,WR,8.544827586206896,145
Seattle Seahawks,RARE,Team,168.05,20
Shaquil Barrett,RARE,LB,64.17314487632508,283
Shaun Alexander,COMMON,RB,7.734375,192
Stefon Diggs,COMMON,WR,21.25897435897436,390
Stefon Diggs,LEGENDARY,WR,1281.0,5
Stefon Diggs,RARE,WR,115.7,20
Stephon Gilmore,COMMON,DB,10.258522727272727,704
Sterling Shepard,COMMON,WR,7.392550143266476,349
Steve McNair,COMMON,QB,7.378571428571429,140
Steve Smith Sr.,COMMON,WR,14.66326530612245,98
T.J. Hockenson,COMMON,TE,13.11936090225564,1064
T.J. Hockenson,LEGENDARY,TE,549.0,1
T.J. Watt,COMMON,LB,10.534201954397394,307
T.J. Watt,LEGENDARY,LB,1380.0,1
T.Y. Hilton,COMMON,WR,7.488549618320611,131
T.Y. Hilton,LEGENDARY,WR,799.0,1
Talanoa Hufanga,COMMON,DB,10.457627118644067,177
Tariq Woolen,RARE,DB,67.13636363636364,44
Tavierre Thomas,COMMON,DB,7.81,100
Taylor Heinicke,COMMON,QB,7.768817204301075,186
Taysom Hill,COMMON,QB,19.341162654139755,1703
Taysom Hill,RARE,QB,56.583333333333336,48
Teddy Bridgewater,COMMON,QB,8.476683937823834,193
Tee Higgins,COMMON,WR,20.534994068801897,843
Tee Higgins,LEGENDARY,WR,1013.3333333333334,3
Tee Higgins,RARE,WR,111.5,70
Tennessee Titans,LEGENDARY,Team,1722.6666666666667,3
Tennessee Titans,RARE,Team,116.00657894736842,152
Terrell Davis,COMMON,RB,10.746113989637307,193
Terrell Davis,LEGENDARY,RB,665.75,4
Terrell Edmunds,COMMON,DB,6.819672131147541,122
Terry McLaurin,COMMON,WR,12.032727272727273,275
Terry McLaurin,RARE,WR,101.0625,32
Tershawn Wharton,COMMON,DL,7.245454545454545,110
Tevaughn Campbell,RARE,DB,40.07142857142857,28
Thomas Jones,COMMON,RB,7.053571428571429,112
Thurman Thomas,COMMON,RB,8.206521739130435,184
Thurman Thomas,RARE,RB,55.0,12
Tom Brady,COMMON,QB,212.1846590909091,352
Tom Brady,LEGENDARY,QB,10000.0,1
Tom Brady,RARE,QB,547.2272727272727,22
Tony Boselli,LEGENDARY,OL,799.0,1
Tony Boselli,RARE,OL,53.75,12
Tony Gonzalez,COMMON,TE,26.505470459518598,2742
Tony Gonzalez,LEGENDARY,TE,695.8571428571429,7
Tony Pollard,COMMON,RB,10.475206611570249,1452
Tony Pollard,RARE,RB,104.94736842105263,19
Torry Holt,RARE,WR,48.61290322580645,31
Tracy Walker III,COMMON,DB,7.991596638655462,119
Travis Kelce,COMMON,TE,39.68688845401174,1022
Travis Kelce,RARE,TE,126.98529411764706,68
Travon Walker,LEGENDARY,LB,856.375,8
Tre'Quan Smith,RARE,WR,37.22727272727273,22
Tremon Smith,RARE,DB,41.0,14
Trevon Diggs,COMMON,DB,11.789473684210526,133
Trevon Diggs,LEGENDARY,DB,898.0,3
Trevon Diggs,RARE,DB,88.62068965517241,29
Trevor Lawrence,COMMON,QB,28.720164609053498,243
Trevor Lawrence,LEGENDARY,QB,3900.0,1
Trevor Lawrence,RARE,QB,982.3846153846154,26
Trey Hendrickson,COMMON,DL,7.294117647058823,170
Trey Lance,LEGENDARY,QB,2900.0,1
Troy Polamalu,COMMON,DB,8.454873646209386,277
Troy Polamalu,RARE,DB,50.84375,32
Tua Tagovailoa,COMMON,QB,25.816135084427767,533
Tua Tagovailoa,LEGENDARY,QB,968.1111111111111,9
Tua Tagovailoa,RARE,QB,213.325,40
Tyler Allgeier,COMMON,RB,10.968421052631578,380
Tyler Boyd,COMMON,WR,8.41304347826087,184
Tyler Boyd,RARE,WR,71.45989304812834,187
Tyler Higbee,COMMON,TE,9.423357664233576,274
Tyler Higbee,RARE,TE,57.925925925925924,27
Tyler Huntley,COMMON,QB,8.01840490797546,163
Tyler Lockett,COMMON,WR,9.047120418848168,191
Tyler Lockett,RARE,WR,77.5813953488372,43
Tyrann Mathieu,COMMON,DB,9.011363636363637,264
Tyreek Hill,COMMON,WR,40.496855345911946,954
Tyreek Hill,LEGENDARY,WR,1500.0,1
Tyreek Hill,RARE,WR,153.9,30
Tyson Campbell,COMMON,DB,8.522292993630574,157
Tyus Bowser,COMMON,LB,7.70391061452514,179
Van Jefferson,RARE,WR,60.15,20
Vita Vea,COMMON,DL,8.507246376811594,138
Von Miller,COMMON,LB,9.647619047619047,105
Von Miller,LEGENDARY,LB,1499.0,1
Von Miller,RARE,LB,70.29069767441861,172
Washington Football Team,COMMON,Team,15.786941580756015,291
Xavien Howard,RARE,DB,46.06521739130435,46
Zach Allen,LEGENDARY,DL,824.3333333333334,3
Zach Wilson,COMMON,QB,28.66603951081844,1063
Zach Wilson,LEGENDARY,QB,1700.0,2
Zach Wilson,RARE,QB,76.22784810126582,79
Zay Jones,COMMON,WR,7.105691056910569,123
