game_id,pfr_game_id,season,week,game_type,team,opponent,pfr_player_name,pfr_player_id,passing_drops,passing_drop_pct,receiving_drop,receiving_drop_pct,passing_bad_throws,passing_bad_throw_pct,times_sacked,times_blitzed,times_hurried,times_hit,times_pressured,times_pressured_pct,def_times_blitzed,def_times_hurried,def_times_hitqb
2022_01_BUF_LA,202209080ram,2022,1,REG,LA,BUF,Matthew Stafford,StafMa00,2.0,0.049,,,7.0,0.171,7.0,1.0,1.0,7.0,15.0,0.306,,,
2022_01_BUF_LA,202209080ram,2022,1,REG,LA,BUF,Matthew Stafford,StafMa00,2.0,0.049,,,7.0,0.171,7.0,1.0,1.0,7.0,15.0,0.306,,,
2022_01_BUF_LA,202209080ram,2022,1,REG,LA,BUF,Matthew Stafford,StafMa00,2.0,0.049,,,7.0,0.171,7.0,1.0,1.0,7.0,15.0,0.306,,,
2022_01_BUF_LA,202209080ram,2022,1,REG,LA,BUF,Matthew Stafford,StafMa00,2.0,0.049,,,7.0,0.171,7.0,1.0,1.0,7.0,15.0,0.306,,,
2022_01_BUF_LA,202209080ram,2022,1,REG,LA,BUF,Matthew Stafford,StafMa00,2.0,0.049,,,7.0,0.171,7.0,1.0,1.0,7.0,15.0,0.306,,,
2022_01_BUF_LA,202209080ram,2022,1,REG,LA,BUF,Matthew Stafford,StafMa00,2.0,0.049,,,7.0,0.171,7.0,1.0,1.0,7.0,15.0,0.306,,,
2022_01_BUF_LA,202209080ram,2022,1,REG,LA,BUF,Matthew Stafford,StafMa00,2.0,0.049,,,7.0,0.171,7.0,1.0,1.0,7.0,15.0,0.306,,,
2022_01_BUF_LA,202209080ram,2022,1,REG,LA,BUF,Matthew Stafford,StafMa00,2.0,0.049,,,7.0,0.171,7.0,1.0,1.0,7.0,15.0,0.306,,,
2022_01_BUF_LA,202209080ram,2022,1,REG,BUF,LA,Josh Allen,AlleJo02,1.0,0.032,,,3.0,0.097,2.0,7.0,0.0,0.0,2.0,0.053,,,
2022_01_BUF_LA,202209080ram,2022,1,REG,BUF,LA,Josh Allen,AlleJo02,1.0,0.032,,,3.0,0.097,2.0,7.0,0.0,0.0,2.0,0.053,,,
2022_01_BUF_LA,202209080ram,2022,1,REG,BUF,LA,Josh Allen,AlleJo02,1.0,0.032,,,3.0,0.097,2.0,7.0,0.0,0.0,2.0,0.053,,,
2022_01_BUF_LA,202209080ram,2022,1,REG,BUF,LA,Josh Allen,AlleJo02,1.0,0.032,,,3.0,0.097,2.0,7.0,0.0,0.0,2.0,0.053,,,
2022_01_BUF_LA,202209080ram,2022,1,REG,BUF,LA,Josh Allen,AlleJo02,1.0,0.032,,,3.0,0.097,2.0,7.0,0.0,0.0,2.0,0.053,,,
2022_01_BUF_LA,202209080ram,2022,1,REG,BUF,LA,Josh Allen,AlleJo02,1.0,0.032,,,3.0,0.097,2.0,7.0,0.0,0.0,2.0,0.053,,,
2022_01_BUF_LA,202209080ram,2022,1,REG,BUF,LA,Josh Allen,AlleJo02,1.0,0.032,,,3.0,0.097,2.0,7.0,0.0,0.0,2.0,0.053,,,
2022_01_BUF_LA,202209080ram,2022,1,REG,BUF,LA,Josh Allen,AlleJo02,1.0,0.032,,,3.0,0.097,2.0,7.0,0.0,0.0,2.0,0.053,,,
2022_01_NO_ATL,202209110atl,2022,1,REG,ATL,NO,Marcus Mariota,MariMa01,1.0,0.031,,,8.0,0.25,0.0,3.0,2.0,1.0,3.0,0.081,,,
2022_01_NO_ATL,202209110atl,2022,1,REG,ATL,NO,Marcus Mariota,MariMa01,1.0,0.031,,,8.0,0.25,0.0,3.0,2.0,1.0,3.0,0.081,,,
2022_01_NO_ATL,202209110atl,2022,1,REG,ATL,NO,Marcus Mariota,MariMa01,1.0,0.031,,,8.0,0.25,0.0,3.0,2.0,1.0,3.0,0.081,,,
2022_01_NO_ATL,202209110atl,2022,1,REG,ATL,NO,Marcus Mariota,MariMa01,1.0,0.031,,,8.0,0.25,0.0,3.0,2.0,1.0,3.0,0.081,,,
2022_01_NO_ATL,202209110atl,2022,1,REG,ATL,NO,Marcus Mariota,MariMa01,1.0,0.031,,,8.0,0.25,0.0,3.0,2.0,1.0,3.0,0.081,,,
2022_01_NO_ATL,202209110atl,2022,1,REG,ATL,NO,Marcus Mariota,MariMa01,1.0,0.031,,,8.0,0.25,0.0,3.0,2.0,1.0,3.0,0.081,,,
2022_01_NO_ATL,202209110atl,2022,1,REG,ATL,NO,Marcus Mariota,MariMa01,1.0,0.031,,,8.0,0.25,0.0,3.0,2.0,1.0,3.0,0.081,,,
2022_01_NO_ATL,202209110atl,2022,1,REG,ATL,NO,Marcus Mariota,MariMa01,1.0,0.031,,,8.0,0.25,0.0,3.0,2.0,1.0,3.0,0.081,,,
2022_01_NO_ATL,202209110atl,2022,1,REG,NO,ATL,Jameis Winston,WinsJa00,1.0,0.031,,,5.0,0.156,4.0,13.0,3.0,3.0,10.0,0.25,,,
2022_01_NO_ATL,202209110atl,2022,1,REG,NO,ATL,Jameis Winston,WinsJa00,1.0,0.031,,,5.0,0.156,4.0,13.0,3.0,3.0,10.0,0.25,,,
2022_01_NO_ATL,202209110atl,2022,1,REG,NO,ATL,Jameis Winston,WinsJa00,1.0,0.031,,,5.0,0.156,4.0,13.0,3.0,3.0,10.0,0.25,,,
2022_01_NO_ATL,202209110atl,2022,1,REG,NO,ATL,Jameis Winston,WinsJa00,1.0,0.031,,,5.0,0.156,4.0,13.0,3.0,3.0,10.0,0.25,,,
2022_01_NO_ATL,202209110atl,2022,1,REG,NO,ATL,Jameis Winston,WinsJa00,1.0,0.031,,,5.0,0.156,4.0,13.0,3.0,3.0,10.0,0.25,,,
2022_01_NO_ATL,202209110atl,2022,1,REG,NO,ATL,Jameis Winston,WinsJa00,1.0,0.031,,,5.0,0.156,4.0,13.0,3.0,3.0,10.0,0.25,,,
2022_01_NO_ATL,202209110atl,2022,1,REG,NO,ATL,Jameis Winston,WinsJa00,1.0,0.031,,,5.0,0.156,4.0,13.0,3.0,3.0,10.0,0.25,,,
2022_01_NO_ATL,202209110atl,2022,1,REG,NO,ATL,Jameis Winston,WinsJa00,1.0,0.031,,,5.0,0.156,4.0,13.0,3.0,3.0,10.0,0.25,,,
2022_01_CLE_CAR,202209110car,2022,1,REG,CAR,CLE,Baker Mayfield,MayfBa00,0.0,0.0,,,3.0,0.12,4.0,5.0,3.0,0.0,7.0,0.219,,,
2022_01_CLE_CAR,202209110car,2022,1,REG,CAR,CLE,Baker Mayfield,MayfBa00,0.0,0.0,,,3.0,0.12,4.0,5.0,3.0,0.0,7.0,0.219,,,
2022_01_CLE_CAR,202209110car,2022,1,REG,CAR,CLE,Baker Mayfield,MayfBa00,0.0,0.0,,,3.0,0.12,4.0,5.0,3.0,0.0,7.0,0.219,,,
2022_01_CLE_CAR,202209110car,2022,1,REG,CAR,CLE,Baker Mayfield,MayfBa00,0.0,0.0,,,3.0,0.12,4.0,5.0,3.0,0.0,7.0,0.219,,,
2022_01_CLE_CAR,202209110car,2022,1,REG,CAR,CLE,Baker Mayfield,MayfBa00,0.0,0.0,,,3.0,0.12,4.0,5.0,3.0,0.0,7.0,0.219,,,
2022_01_CLE_CAR,202209110car,2022,1,REG,CAR,CLE,Baker Mayfield,MayfBa00,0.0,0.0,,,3.0,0.12,4.0,5.0,3.0,0.0,7.0,0.219,,,
2022_01_CLE_CAR,202209110car,2022,1,REG,CAR,CLE,Baker Mayfield,MayfBa00,0.0,0.0,,,3.0,0.12,4.0,5.0,3.0,0.0,7.0,0.219,,,
2022_01_CLE_CAR,202209110car,2022,1,REG,CAR,CLE,Baker Mayfield,MayfBa00,0.0,0.0,,,3.0,0.12,4.0,5.0,3.0,0.0,7.0,0.219,,,
2022_01_CLE_CAR,202209110car,2022,1,REG,CLE,CAR,Jacoby Brissett,BrisJa00,2.0,0.067,,,7.0,0.233,1.0,8.0,6.0,2.0,9.0,0.237,,,
2022_01_CLE_CAR,202209110car,2022,1,REG,CLE,CAR,Jacoby Brissett,BrisJa00,2.0,0.067,,,7.0,0.233,1.0,8.0,6.0,2.0,9.0,0.237,,,
2022_01_CLE_CAR,202209110car,2022,1,REG,CLE,CAR,Jacoby Brissett,BrisJa00,2.0,0.067,,,7.0,0.233,1.0,8.0,6.0,2.0,9.0,0.237,,,
2022_01_CLE_CAR,202209110car,2022,1,REG,CLE,CAR,Jacoby Brissett,BrisJa00,2.0,0.067,,,7.0,0.233,1.0,8.0,6.0,2.0,9.0,0.237,,,
2022_01_CLE_CAR,202209110car,2022,1,REG,CLE,CAR,Jacoby Brissett,BrisJa00,2.0,0.067,,,7.0,0.233,1.0,8.0,6.0,2.0,9.0,0.237,,,
2022_01_CLE_CAR,202209110car,2022,1,REG,CLE,CAR,Jacoby Brissett,BrisJa00,2.0,0.067,,,7.0,0.233,1.0,8.0,6.0,2.0,9.0,0.237,,,
2022_01_CLE_CAR,202209110car,2022,1,REG,CLE,CAR,Jacoby Brissett,BrisJa00,2.0,0.067,,,7.0,0.233,1.0,8.0,6.0,2.0,9.0,0.237,,,
2022_01_CLE_CAR,202209110car,2022,1,REG,CLE,CAR,Jacoby Brissett,BrisJa00,2.0,0.067,,,7.0,0.233,1.0,8.0,6.0,2.0,9.0,0.237,,,
2022_01_SF_CHI,202209110chi,2022,1,REG,CHI,SF,Justin Fields,FielJu00,0.0,0.0,,,7.0,0.412,2.0,1.0,3.0,1.0,6.0,0.273,,,
2022_01_SF_CHI,202209110chi,2022,1,REG,CHI,SF,Justin Fields,FielJu00,0.0,0.0,,,7.0,0.412,2.0,1.0,3.0,1.0,6.0,0.273,,,
2022_01_SF_CHI,202209110chi,2022,1,REG,CHI,SF,Justin Fields,FielJu00,0.0,0.0,,,7.0,0.412,2.0,1.0,3.0,1.0,6.0,0.273,,,
2022_01_SF_CHI,202209110chi,2022,1,REG,CHI,SF,Justin Fields,FielJu00,0.0,0.0,,,7.0,0.412,2.0,1.0,3.0,1.0,6.0,0.273,,,
2022_01_SF_CHI,202209110chi,2022,1,REG,CHI,SF,Justin Fields,FielJu00,0.0,0.0,,,7.0,0.412,2.0,1.0,3.0,1.0,6.0,0.273,,,
2022_01_SF_CHI,202209110chi,2022,1,REG,CHI,SF,Justin Fields,FielJu00,0.0,0.0,,,7.0,0.412,2.0,1.0,3.0,1.0,6.0,0.273,,,
2022_01_SF_CHI,202209110chi,2022,1,REG,CHI,SF,Justin Fields,FielJu00,0.0,0.0,,,7.0,0.412,2.0,1.0,3.0,1.0,6.0,0.273,,,
2022_01_SF_CHI,202209110chi,2022,1,REG,CHI,SF,Justin Fields,FielJu00,0.0,0.0,,,7.0,0.412,2.0,1.0,3.0,1.0,6.0,0.273,,,
2022_01_SF_CHI,202209110chi,2022,1,REG,SF,CHI,Trey Lance,LancTr00,3.0,0.111,,,9.0,0.333,2.0,1.0,4.0,1.0,7.0,0.206,,,
2022_01_SF_CHI,202209110chi,2022,1,REG,SF,CHI,Trey Lance,LancTr00,3.0,0.111,,,9.0,0.333,2.0,1.0,4.0,1.0,7.0,0.206,,,
2022_01_SF_CHI,202209110chi,2022,1,REG,SF,CHI,Trey Lance,LancTr00,3.0,0.111,,,9.0,0.333,2.0,1.0,4.0,1.0,7.0,0.206,,,
2022_01_SF_CHI,202209110chi,2022,1,REG,SF,CHI,Trey Lance,LancTr00,3.0,0.111,,,9.0,0.333,2.0,1.0,4.0,1.0,7.0,0.206,,,
2022_01_SF_CHI,202209110chi,2022,1,REG,SF,CHI,Trey Lance,LancTr00,3.0,0.111,,,9.0,0.333,2.0,1.0,4.0,1.0,7.0,0.206,,,
2022_01_SF_CHI,202209110chi,2022,1,REG,SF,CHI,Trey Lance,LancTr00,3.0,0.111,,,9.0,0.333,2.0,1.0,4.0,1.0,7.0,0.206,,,
2022_01_SF_CHI,202209110chi,2022,1,REG,SF,CHI,Trey Lance,LancTr00,3.0,0.111,,,9.0,0.333,2.0,1.0,4.0,1.0,7.0,0.206,,,
2022_01_SF_CHI,202209110chi,2022,1,REG,SF,CHI,Trey Lance,LancTr00,3.0,0.111,,,9.0,0.333,2.0,1.0,4.0,1.0,7.0,0.206,,,
2022_01_PIT_CIN,202209110cin,2022,1,REG,CIN,PIT,Joe Burrow,BurrJo01,1.0,0.019,,,8.0,0.151,7.0,9.0,1.0,6.0,14.0,0.215,,,
2022_01_PIT_CIN,202209110cin,2022,1,REG,CIN,PIT,Joe Burrow,BurrJo01,1.0,0.019,,,8.0,0.151,7.0,9.0,1.0,6.0,14.0,0.215,,,
2022_01_PIT_CIN,202209110cin,2022,1,REG,CIN,PIT,Joe Burrow,BurrJo01,1.0,0.019,,,8.0,0.151,7.0,9.0,1.0,6.0,14.0,0.215,,,
2022_01_PIT_CIN,202209110cin,2022,1,REG,CIN,PIT,Joe Burrow,BurrJo01,1.0,0.019,,,8.0,0.151,7.0,9.0,1.0,6.0,14.0,0.215,,,
2022_01_PIT_CIN,202209110cin,2022,1,REG,CIN,PIT,Joe Burrow,BurrJo01,1.0,0.019,,,8.0,0.151,7.0,9.0,1.0,6.0,14.0,0.215,,,
2022_01_PIT_CIN,202209110cin,2022,1,REG,CIN,PIT,Joe Burrow,BurrJo01,1.0,0.019,,,8.0,0.151,7.0,9.0,1.0,6.0,14.0,0.215,,,
2022_01_PIT_CIN,202209110cin,2022,1,REG,CIN,PIT,Joe Burrow,BurrJo01,1.0,0.019,,,8.0,0.151,7.0,9.0,1.0,6.0,14.0,0.215,,,
2022_01_PIT_CIN,202209110cin,2022,1,REG,CIN,PIT,Joe Burrow,BurrJo01,1.0,0.019,,,8.0,0.151,7.0,9.0,1.0,6.0,14.0,0.215,,,
2022_01_PIT_CIN,202209110cin,2022,1,REG,PIT,CIN,Mitchell Trubisky,TrubMi00,2.0,0.054,,,9.0,0.243,1.0,10.0,1.0,5.0,7.0,0.171,,,
2022_01_PIT_CIN,202209110cin,2022,1,REG,PIT,CIN,Mitchell Trubisky,TrubMi00,2.0,0.054,,,9.0,0.243,1.0,10.0,1.0,5.0,7.0,0.171,,,
2022_01_PIT_CIN,202209110cin,2022,1,REG,PIT,CIN,Mitchell Trubisky,TrubMi00,2.0,0.054,,,9.0,0.243,1.0,10.0,1.0,5.0,7.0,0.171,,,
2022_01_PIT_CIN,202209110cin,2022,1,REG,PIT,CIN,Mitchell Trubisky,TrubMi00,2.0,0.054,,,9.0,0.243,1.0,10.0,1.0,5.0,7.0,0.171,,,
2022_01_PIT_CIN,202209110cin,2022,1,REG,PIT,CIN,Mitchell Trubisky,TrubMi00,2.0,0.054,,,9.0,0.243,1.0,10.0,1.0,5.0,7.0,0.171,,,
2022_01_PIT_CIN,202209110cin,2022,1,REG,PIT,CIN,Mitchell Trubisky,TrubMi00,2.0,0.054,,,9.0,0.243,1.0,10.0,1.0,5.0,7.0,0.171,,,
2022_01_PIT_CIN,202209110cin,2022,1,REG,PIT,CIN,Mitchell Trubisky,TrubMi00,2.0,0.054,,,9.0,0.243,1.0,10.0,1.0,5.0,7.0,0.171,,,
2022_01_PIT_CIN,202209110cin,2022,1,REG,PIT,CIN,Mitchell Trubisky,TrubMi00,2.0,0.054,,,9.0,0.243,1.0,10.0,1.0,5.0,7.0,0.171,,,
2022_01_PHI_DET,202209110det,2022,1,REG,DET,PHI,Jared Goff,GoffJa00,5.0,0.135,,,9.0,0.243,1.0,9.0,0.0,4.0,5.0,0.128,,,
2022_01_PHI_DET,202209110det,2022,1,REG,DET,PHI,Jared Goff,GoffJa00,5.0,0.135,,,9.0,0.243,1.0,9.0,0.0,4.0,5.0,0.128,,,
2022_01_PHI_DET,202209110det,2022,1,REG,DET,PHI,Jared Goff,GoffJa00,5.0,0.135,,,9.0,0.243,1.0,9.0,0.0,4.0,5.0,0.128,,,
2022_01_PHI_DET,202209110det,2022,1,REG,DET,PHI,Jared Goff,GoffJa00,5.0,0.135,,,9.0,0.243,1.0,9.0,0.0,4.0,5.0,0.128,,,
2022_01_PHI_DET,202209110det,2022,1,REG,DET,PHI,Jared Goff,GoffJa00,5.0,0.135,,,9.0,0.243,1.0,9.0,0.0,4.0,5.0,0.128,,,
2022_01_PHI_DET,202209110det,2022,1,REG,DET,PHI,Jared Goff,GoffJa00,5.0,0.135,,,9.0,0.243,1.0,9.0,0.0,4.0,5.0,0.128,,,
2022_01_PHI_DET,202209110det,2022,1,REG,DET,PHI,Jared Goff,GoffJa00,5.0,0.135,,,9.0,0.243,1.0,9.0,0.0,4.0,5.0,0.128,,,
2022_01_PHI_DET,202209110det,2022,1,REG,DET,PHI,Jared Goff,GoffJa00,5.0,0.135,,,9.0,0.243,1.0,9.0,0.0,4.0,5.0,0.128,,,
2022_01_PHI_DET,202209110det,2022,1,REG,PHI,DET,Jalen Hurts,HurtJa00,2.0,0.069,,,4.0,0.138,1.0,17.0,4.0,4.0,9.0,0.209,,,
2022_01_PHI_DET,202209110det,2022,1,REG,PHI,DET,Jalen Hurts,HurtJa00,2.0,0.069,,,4.0,0.138,1.0,17.0,4.0,4.0,9.0,0.209,,,
2022_01_PHI_DET,202209110det,2022,1,REG,PHI,DET,Jalen Hurts,HurtJa00,2.0,0.069,,,4.0,0.138,1.0,17.0,4.0,4.0,9.0,0.209,,,
2022_01_PHI_DET,202209110det,2022,1,REG,PHI,DET,Jalen Hurts,HurtJa00,2.0,0.069,,,4.0,0.138,1.0,17.0,4.0,4.0,9.0,0.209,,,
2022_01_PHI_DET,202209110det,2022,1,REG,PHI,DET,Jalen Hurts,HurtJa00,2.0,0.069,,,4.0,0.138,1.0,17.0,4.0,4.0,9.0,0.209,,,
2022_01_PHI_DET,202209110det,2022,1,REG,PHI,DET,Jalen Hurts,HurtJa00,2.0,0.069,,,4.0,0.138,1.0,17.0,4.0,4.0,9.0,0.209,,,
2022_01_PHI_DET,202209110det,2022,1,REG,PHI,DET,Jalen Hurts,HurtJa00,2.0,0.069,,,4.0,0.138,1.0,17.0,4.0,4.0,9.0,0.209,,,
2022_01_PHI_DET,202209110det,2022,1,REG,PHI,DET,Jalen Hurts,HurtJa00,2.0,0.069,,,4.0,0.138,1.0,17.0,4.0,4.0,9.0,0.209,,,
2022_01_IND_HOU,202209110htx,2022,1,REG,HOU,IND,Davis Mills,MillDa02,4.0,0.108,,,8.0,0.216,3.0,10.0,3.0,2.0,8.0,0.2,,,
2022_01_IND_HOU,202209110htx,2022,1,REG,HOU,IND,Davis Mills,MillDa02,4.0,0.108,,,8.0,0.216,3.0,10.0,3.0,2.0,8.0,0.2,,,
2022_01_IND_HOU,202209110htx,2022,1,REG,HOU,IND,Davis Mills,MillDa02,4.0,0.108,,,8.0,0.216,3.0,10.0,3.0,2.0,8.0,0.2,,,
2022_01_IND_HOU,202209110htx,2022,1,REG,HOU,IND,Davis Mills,MillDa02,4.0,0.108,,,8.0,0.216,3.0,10.0,3.0,2.0,8.0,0.2,,,
2022_01_IND_HOU,202209110htx,2022,1,REG,HOU,IND,Davis Mills,MillDa02,4.0,0.108,,,8.0,0.216,3.0,10.0,3.0,2.0,8.0,0.2,,,
2022_01_IND_HOU,202209110htx,2022,1,REG,HOU,IND,Davis Mills,MillDa02,4.0,0.108,,,8.0,0.216,3.0,10.0,3.0,2.0,8.0,0.2,,,
2022_01_IND_HOU,202209110htx,2022,1,REG,HOU,IND,Davis Mills,MillDa02,4.0,0.108,,,8.0,0.216,3.0,10.0,3.0,2.0,8.0,0.2,,,
2022_01_IND_HOU,202209110htx,2022,1,REG,HOU,IND,Davis Mills,MillDa02,4.0,0.108,,,8.0,0.216,3.0,10.0,3.0,2.0,8.0,0.2,,,
2022_01_IND_HOU,202209110htx,2022,1,REG,IND,HOU,Matt Ryan,RyanMa00,3.0,0.06,,,5.0,0.1,2.0,11.0,4.0,4.0,10.0,0.185,,,
2022_01_IND_HOU,202209110htx,2022,1,REG,IND,HOU,Matt Ryan,RyanMa00,3.0,0.06,,,5.0,0.1,2.0,11.0,4.0,4.0,10.0,0.185,,,
2022_01_IND_HOU,202209110htx,2022,1,REG,IND,HOU,Matt Ryan,RyanMa00,3.0,0.06,,,5.0,0.1,2.0,11.0,4.0,4.0,10.0,0.185,,,
2022_01_IND_HOU,202209110htx,2022,1,REG,IND,HOU,Matt Ryan,RyanMa00,3.0,0.06,,,5.0,0.1,2.0,11.0,4.0,4.0,10.0,0.185,,,
2022_01_IND_HOU,202209110htx,2022,1,REG,IND,HOU,Matt Ryan,RyanMa00,3.0,0.06,,,5.0,0.1,2.0,11.0,4.0,4.0,10.0,0.185,,,
2022_01_IND_HOU,202209110htx,2022,1,REG,IND,HOU,Matt Ryan,RyanMa00,3.0,0.06,,,5.0,0.1,2.0,11.0,4.0,4.0,10.0,0.185,,,
2022_01_IND_HOU,202209110htx,2022,1,REG,IND,HOU,Matt Ryan,RyanMa00,3.0,0.06,,,5.0,0.1,2.0,11.0,4.0,4.0,10.0,0.185,,,
2022_01_IND_HOU,202209110htx,2022,1,REG,IND,HOU,Matt Ryan,RyanMa00,3.0,0.06,,,5.0,0.1,2.0,11.0,4.0,4.0,10.0,0.185,,,
2022_01_NE_MIA,202209110mia,2022,1,REG,MIA,NE,Tua Tagovailoa,TagoTu00,1.0,0.032,,,7.0,0.226,3.0,16.0,8.0,4.0,15.0,0.417,,,
2022_01_NE_MIA,202209110mia,2022,1,REG,MIA,NE,Tua Tagovailoa,TagoTu00,1.0,0.032,,,7.0,0.226,3.0,16.0,8.0,4.0,15.0,0.417,,,
2022_01_NE_MIA,202209110mia,2022,1,REG,MIA,NE,Tua Tagovailoa,TagoTu00,1.0,0.032,,,7.0,0.226,3.0,16.0,8.0,4.0,15.0,0.417,,,
2022_01_NE_MIA,202209110mia,2022,1,REG,MIA,NE,Tua Tagovailoa,TagoTu00,1.0,0.032,,,7.0,0.226,3.0,16.0,8.0,4.0,15.0,0.417,,,
2022_01_NE_MIA,202209110mia,2022,1,REG,MIA,NE,Tua Tagovailoa,TagoTu00,1.0,0.032,,,7.0,0.226,3.0,16.0,8.0,4.0,15.0,0.417,,,
2022_01_NE_MIA,202209110mia,2022,1,REG,MIA,NE,Tua Tagovailoa,TagoTu00,1.0,0.032,,,7.0,0.226,3.0,16.0,8.0,4.0,15.0,0.417,,,
2022_01_NE_MIA,202209110mia,2022,1,REG,MIA,NE,Tua Tagovailoa,TagoTu00,1.0,0.032,,,7.0,0.226,3.0,16.0,8.0,4.0,15.0,0.417,,,
2022_01_NE_MIA,202209110mia,2022,1,REG,MIA,NE,Tua Tagovailoa,TagoTu00,1.0,0.032,,,7.0,0.226,3.0,16.0,8.0,4.0,15.0,0.417,,,
2022_01_NE_MIA,202209110mia,2022,1,REG,NE,MIA,Mac Jones,JoneMa05,0.0,0.0,,,4.0,0.133,2.0,7.0,2.0,1.0,5.0,0.152,,,
2022_01_NE_MIA,202209110mia,2022,1,REG,NE,MIA,Mac Jones,JoneMa05,0.0,0.0,,,4.0,0.133,2.0,7.0,2.0,1.0,5.0,0.152,,,
2022_01_NE_MIA,202209110mia,2022,1,REG,NE,MIA,Mac Jones,JoneMa05,0.0,0.0,,,4.0,0.133,2.0,7.0,2.0,1.0,5.0,0.152,,,
2022_01_NE_MIA,202209110mia,2022,1,REG,NE,MIA,Mac Jones,JoneMa05,0.0,0.0,,,4.0,0.133,2.0,7.0,2.0,1.0,5.0,0.152,,,
2022_01_NE_MIA,202209110mia,2022,1,REG,NE,MIA,Mac Jones,JoneMa05,0.0,0.0,,,4.0,0.133,2.0,7.0,2.0,1.0,5.0,0.152,,,
2022_01_NE_MIA,202209110mia,2022,1,REG,NE,MIA,Mac Jones,JoneMa05,0.0,0.0,,,4.0,0.133,2.0,7.0,2.0,1.0,5.0,0.152,,,
2022_01_NE_MIA,202209110mia,2022,1,REG,NE,MIA,Mac Jones,JoneMa05,0.0,0.0,,,4.0,0.133,2.0,7.0,2.0,1.0,5.0,0.152,,,
2022_01_NE_MIA,202209110mia,2022,1,REG,NE,MIA,Mac Jones,JoneMa05,0.0,0.0,,,4.0,0.133,2.0,7.0,2.0,1.0,5.0,0.152,,,
2022_01_BAL_NYJ,202209110nyj,2022,1,REG,NYJ,BAL,Joe Flacco,FlacJo00,5.0,0.088,,,11.0,0.193,3.0,17.0,6.0,6.0,15.0,0.242,,,
2022_01_BAL_NYJ,202209110nyj,2022,1,REG,NYJ,BAL,Joe Flacco,FlacJo00,5.0,0.088,,,11.0,0.193,3.0,17.0,6.0,6.0,15.0,0.242,,,
2022_01_BAL_NYJ,202209110nyj,2022,1,REG,NYJ,BAL,Joe Flacco,FlacJo00,5.0,0.088,,,11.0,0.193,3.0,17.0,6.0,6.0,15.0,0.242,,,
2022_01_BAL_NYJ,202209110nyj,2022,1,REG,NYJ,BAL,Joe Flacco,FlacJo00,5.0,0.088,,,11.0,0.193,3.0,17.0,6.0,6.0,15.0,0.242,,,
2022_01_BAL_NYJ,202209110nyj,2022,1,REG,NYJ,BAL,Joe Flacco,FlacJo00,5.0,0.088,,,11.0,0.193,3.0,17.0,6.0,6.0,15.0,0.242,,,
2022_01_BAL_NYJ,202209110nyj,2022,1,REG,NYJ,BAL,Joe Flacco,FlacJo00,5.0,0.088,,,11.0,0.193,3.0,17.0,6.0,6.0,15.0,0.242,,,
2022_01_BAL_NYJ,202209110nyj,2022,1,REG,NYJ,BAL,Joe Flacco,FlacJo00,5.0,0.088,,,11.0,0.193,3.0,17.0,6.0,6.0,15.0,0.242,,,
2022_01_BAL_NYJ,202209110nyj,2022,1,REG,NYJ,BAL,Joe Flacco,FlacJo00,5.0,0.088,,,11.0,0.193,3.0,17.0,6.0,6.0,15.0,0.242,,,
2022_01_BAL_NYJ,202209110nyj,2022,1,REG,BAL,NYJ,Lamar Jackson,JackLa00,2.0,0.069,,,7.0,0.241,2.0,5.0,0.0,2.0,4.0,0.118,,,
2022_01_BAL_NYJ,202209110nyj,2022,1,REG,BAL,NYJ,Lamar Jackson,JackLa00,2.0,0.069,,,7.0,0.241,2.0,5.0,0.0,2.0,4.0,0.118,,,
2022_01_BAL_NYJ,202209110nyj,2022,1,REG,BAL,NYJ,Lamar Jackson,JackLa00,2.0,0.069,,,7.0,0.241,2.0,5.0,0.0,2.0,4.0,0.118,,,
2022_01_BAL_NYJ,202209110nyj,2022,1,REG,BAL,NYJ,Lamar Jackson,JackLa00,2.0,0.069,,,7.0,0.241,2.0,5.0,0.0,2.0,4.0,0.118,,,
2022_01_BAL_NYJ,202209110nyj,2022,1,REG,BAL,NYJ,Lamar Jackson,JackLa00,2.0,0.069,,,7.0,0.241,2.0,5.0,0.0,2.0,4.0,0.118,,,
2022_01_BAL_NYJ,202209110nyj,2022,1,REG,BAL,NYJ,Lamar Jackson,JackLa00,2.0,0.069,,,7.0,0.241,2.0,5.0,0.0,2.0,4.0,0.118,,,
2022_01_BAL_NYJ,202209110nyj,2022,1,REG,BAL,NYJ,Lamar Jackson,JackLa00,2.0,0.069,,,7.0,0.241,2.0,5.0,0.0,2.0,4.0,0.118,,,
2022_01_BAL_NYJ,202209110nyj,2022,1,REG,BAL,NYJ,Lamar Jackson,JackLa00,2.0,0.069,,,7.0,0.241,2.0,5.0,0.0,2.0,4.0,0.118,,,
2022_01_JAX_WAS,202209110was,2022,1,REG,WAS,JAX,Carson Wentz,WentCa00,1.0,0.024,,,8.0,0.195,1.0,15.0,0.0,3.0,4.0,0.089,,,
2022_01_JAX_WAS,202209110was,2022,1,REG,WAS,JAX,Carson Wentz,WentCa00,1.0,0.024,,,8.0,0.195,1.0,15.0,0.0,3.0,4.0,0.089,,,
2022_01_JAX_WAS,202209110was,2022,1,REG,WAS,JAX,Carson Wentz,WentCa00,1.0,0.024,,,8.0,0.195,1.0,15.0,0.0,3.0,4.0,0.089,,,
2022_01_JAX_WAS,202209110was,2022,1,REG,WAS,JAX,Carson Wentz,WentCa00,1.0,0.024,,,8.0,0.195,1.0,15.0,0.0,3.0,4.0,0.089,,,
2022_01_JAX_WAS,202209110was,2022,1,REG,WAS,JAX,Carson Wentz,WentCa00,1.0,0.024,,,8.0,0.195,1.0,15.0,0.0,3.0,4.0,0.089,,,
2022_01_JAX_WAS,202209110was,2022,1,REG,WAS,JAX,Carson Wentz,WentCa00,1.0,0.024,,,8.0,0.195,1.0,15.0,0.0,3.0,4.0,0.089,,,
2022_01_JAX_WAS,202209110was,2022,1,REG,WAS,JAX,Carson Wentz,WentCa00,1.0,0.024,,,8.0,0.195,1.0,15.0,0.0,3.0,4.0,0.089,,,
2022_01_JAX_WAS,202209110was,2022,1,REG,WAS,JAX,Carson Wentz,WentCa00,1.0,0.024,,,8.0,0.195,1.0,15.0,0.0,3.0,4.0,0.089,,,
2022_01_JAX_WAS,202209110was,2022,1,REG,JAX,WAS,Trevor Lawrence,LawrTr00,2.0,0.051,,,9.0,0.231,2.0,18.0,0.0,9.0,11.0,0.244,,,
2022_01_JAX_WAS,202209110was,2022,1,REG,JAX,WAS,Trevor Lawrence,LawrTr00,2.0,0.051,,,9.0,0.231,2.0,18.0,0.0,9.0,11.0,0.244,,,
2022_01_JAX_WAS,202209110was,2022,1,REG,JAX,WAS,Trevor Lawrence,LawrTr00,2.0,0.051,,,9.0,0.231,2.0,18.0,0.0,9.0,11.0,0.244,,,
2022_01_JAX_WAS,202209110was,2022,1,REG,JAX,WAS,Trevor Lawrence,LawrTr00,2.0,0.051,,,9.0,0.231,2.0,18.0,0.0,9.0,11.0,0.244,,,
2022_01_JAX_WAS,202209110was,2022,1,REG,JAX,WAS,Trevor Lawrence,LawrTr00,2.0,0.051,,,9.0,0.231,2.0,18.0,0.0,9.0,11.0,0.244,,,
2022_01_JAX_WAS,202209110was,2022,1,REG,JAX,WAS,Trevor Lawrence,LawrTr00,2.0,0.051,,,9.0,0.231,2.0,18.0,0.0,9.0,11.0,0.244,,,
2022_01_JAX_WAS,202209110was,2022,1,REG,JAX,WAS,Trevor Lawrence,LawrTr00,2.0,0.051,,,9.0,0.231,2.0,18.0,0.0,9.0,11.0,0.244,,,
2022_01_JAX_WAS,202209110was,2022,1,REG,JAX,WAS,Trevor Lawrence,LawrTr00,2.0,0.051,,,9.0,0.231,2.0,18.0,0.0,9.0,11.0,0.244,,,
2022_01_KC_ARI,202209110crd,2022,1,REG,ARI,KC,Kyler Murray,MurrKy00,1.0,0.032,,,2.0,0.065,2.0,9.0,18.0,4.0,24.0,0.649,,,
2022_01_KC_ARI,202209110crd,2022,1,REG,ARI,KC,Trace McSorley,McSoTr00,0.0,0.0,,,2.0,0.5,1.0,0.0,0.0,2.0,3.0,0.429,,,
2022_01_KC_ARI,202209110crd,2022,1,REG,ARI,KC,Kyler Murray,MurrKy00,1.0,0.032,,,2.0,0.065,2.0,9.0,18.0,4.0,24.0,0.649,,,
2022_01_KC_ARI,202209110crd,2022,1,REG,ARI,KC,Trace McSorley,McSoTr00,0.0,0.0,,,2.0,0.5,1.0,0.0,0.0,2.0,3.0,0.429,,,
2022_01_KC_ARI,202209110crd,2022,1,REG,ARI,KC,Kyler Murray,MurrKy00,1.0,0.032,,,2.0,0.065,2.0,9.0,18.0,4.0,24.0,0.649,,,
2022_01_KC_ARI,202209110crd,2022,1,REG,ARI,KC,Trace McSorley,McSoTr00,0.0,0.0,,,2.0,0.5,1.0,0.0,0.0,2.0,3.0,0.429,,,
2022_01_KC_ARI,202209110crd,2022,1,REG,ARI,KC,Kyler Murray,MurrKy00,1.0,0.032,,,2.0,0.065,2.0,9.0,18.0,4.0,24.0,0.649,,,
2022_01_KC_ARI,202209110crd,2022,1,REG,ARI,KC,Trace McSorley,McSoTr00,0.0,0.0,,,2.0,0.5,1.0,0.0,0.0,2.0,3.0,0.429,,,
2022_01_KC_ARI,202209110crd,2022,1,REG,ARI,KC,Kyler Murray,MurrKy00,1.0,0.032,,,2.0,0.065,2.0,9.0,18.0,4.0,24.0,0.649,,,
2022_01_KC_ARI,202209110crd,2022,1,REG,ARI,KC,Trace McSorley,McSoTr00,0.0,0.0,,,2.0,0.5,1.0,0.0,0.0,2.0,3.0,0.429,,,
2022_01_KC_ARI,202209110crd,2022,1,REG,ARI,KC,Kyler Murray,MurrKy00,1.0,0.032,,,2.0,0.065,2.0,9.0,18.0,4.0,24.0,0.649,,,
2022_01_KC_ARI,202209110crd,2022,1,REG,ARI,KC,Trace McSorley,McSoTr00,0.0,0.0,,,2.0,0.5,1.0,0.0,0.0,2.0,3.0,0.429,,,
2022_01_KC_ARI,202209110crd,2022,1,REG,ARI,KC,Kyler Murray,MurrKy00,1.0,0.032,,,2.0,0.065,2.0,9.0,18.0,4.0,24.0,0.649,,,
2022_01_KC_ARI,202209110crd,2022,1,REG,ARI,KC,Trace McSorley,McSoTr00,0.0,0.0,,,2.0,0.5,1.0,0.0,0.0,2.0,3.0,0.429,,,
2022_01_KC_ARI,202209110crd,2022,1,REG,ARI,KC,Kyler Murray,MurrKy00,1.0,0.032,,,2.0,0.065,2.0,9.0,18.0,4.0,24.0,0.649,,,
2022_01_KC_ARI,202209110crd,2022,1,REG,ARI,KC,Trace McSorley,McSoTr00,0.0,0.0,,,2.0,0.5,1.0,0.0,0.0,2.0,3.0,0.429,,,
2022_01_KC_ARI,202209110crd,2022,1,REG,KC,ARI,Patrick Mahomes,MahoPa00,3.0,0.077,,,6.0,0.154,0.0,23.0,18.0,6.0,24.0,0.585,,,
2022_01_KC_ARI,202209110crd,2022,1,REG,KC,ARI,Patrick Mahomes,MahoPa00,3.0,0.077,,,6.0,0.154,0.0,23.0,18.0,6.0,24.0,0.585,,,
2022_01_KC_ARI,202209110crd,2022,1,REG,KC,ARI,Patrick Mahomes,MahoPa00,3.0,0.077,,,6.0,0.154,0.0,23.0,18.0,6.0,24.0,0.585,,,
2022_01_KC_ARI,202209110crd,2022,1,REG,KC,ARI,Patrick Mahomes,MahoPa00,3.0,0.077,,,6.0,0.154,0.0,23.0,18.0,6.0,24.0,0.585,,,
2022_01_KC_ARI,202209110crd,2022,1,REG,KC,ARI,Patrick Mahomes,MahoPa00,3.0,0.077,,,6.0,0.154,0.0,23.0,18.0,6.0,24.0,0.585,,,
2022_01_KC_ARI,202209110crd,2022,1,REG,KC,ARI,Patrick Mahomes,MahoPa00,3.0,0.077,,,6.0,0.154,0.0,23.0,18.0,6.0,24.0,0.585,,,
2022_01_KC_ARI,202209110crd,2022,1,REG,KC,ARI,Patrick Mahomes,MahoPa00,3.0,0.077,,,6.0,0.154,0.0,23.0,18.0,6.0,24.0,0.585,,,
2022_01_KC_ARI,202209110crd,2022,1,REG,KC,ARI,Patrick Mahomes,MahoPa00,3.0,0.077,,,6.0,0.154,0.0,23.0,18.0,6.0,24.0,0.585,,,
2022_01_LV_LAC,202209110sdg,2022,1,REG,LAC,LV,Justin Herbert,HerbJu00,2.0,0.059,,,5.0,0.147,0.0,4.0,4.0,3.0,7.0,0.2,,,
2022_01_LV_LAC,202209110sdg,2022,1,REG,LAC,LV,Justin Herbert,HerbJu00,2.0,0.059,,,5.0,0.147,0.0,4.0,4.0,3.0,7.0,0.2,,,
2022_01_LV_LAC,202209110sdg,2022,1,REG,LAC,LV,Justin Herbert,HerbJu00,2.0,0.059,,,5.0,0.147,0.0,4.0,4.0,3.0,7.0,0.2,,,
2022_01_LV_LAC,202209110sdg,2022,1,REG,LAC,LV,Justin Herbert,HerbJu00,2.0,0.059,,,5.0,0.147,0.0,4.0,4.0,3.0,7.0,0.2,,,
2022_01_LV_LAC,202209110sdg,2022,1,REG,LAC,LV,Justin Herbert,HerbJu00,2.0,0.059,,,5.0,0.147,0.0,4.0,4.0,3.0,7.0,0.2,,,
2022_01_LV_LAC,202209110sdg,2022,1,REG,LAC,LV,Justin Herbert,HerbJu00,2.0,0.059,,,5.0,0.147,0.0,4.0,4.0,3.0,7.0,0.2,,,
2022_01_LV_LAC,202209110sdg,2022,1,REG,LAC,LV,Justin Herbert,HerbJu00,2.0,0.059,,,5.0,0.147,0.0,4.0,4.0,3.0,7.0,0.2,,,
2022_01_LV_LAC,202209110sdg,2022,1,REG,LAC,LV,Justin Herbert,HerbJu00,2.0,0.059,,,5.0,0.147,0.0,4.0,4.0,3.0,7.0,0.2,,,
2022_01_LV_LAC,202209110sdg,2022,1,REG,LV,LAC,Derek Carr,CarrDe02,0.0,0.0,,,9.0,0.257,5.0,7.0,2.0,4.0,11.0,0.262,,,
2022_01_LV_LAC,202209110sdg,2022,1,REG,LV,LAC,Derek Carr,CarrDe02,0.0,0.0,,,9.0,0.257,5.0,7.0,2.0,4.0,11.0,0.262,,,
2022_01_LV_LAC,202209110sdg,2022,1,REG,LV,LAC,Derek Carr,CarrDe02,0.0,0.0,,,9.0,0.257,5.0,7.0,2.0,4.0,11.0,0.262,,,
2022_01_LV_LAC,202209110sdg,2022,1,REG,LV,LAC,Derek Carr,CarrDe02,0.0,0.0,,,9.0,0.257,5.0,7.0,2.0,4.0,11.0,0.262,,,
2022_01_LV_LAC,202209110sdg,2022,1,REG,LV,LAC,Derek Carr,CarrDe02,0.0,0.0,,,9.0,0.257,5.0,7.0,2.0,4.0,11.0,0.262,,,
2022_01_LV_LAC,202209110sdg,2022,1,REG,LV,LAC,Derek Carr,CarrDe02,0.0,0.0,,,9.0,0.257,5.0,7.0,2.0,4.0,11.0,0.262,,,
2022_01_LV_LAC,202209110sdg,2022,1,REG,LV,LAC,Derek Carr,CarrDe02,0.0,0.0,,,9.0,0.257,5.0,7.0,2.0,4.0,11.0,0.262,,,
2022_01_LV_LAC,202209110sdg,2022,1,REG,LV,LAC,Derek Carr,CarrDe02,0.0,0.0,,,9.0,0.257,5.0,7.0,2.0,4.0,11.0,0.262,,,
2022_01_GB_MIN,202209110min,2022,1,REG,MIN,GB,Kirk Cousins,CousKi00,0.0,0.0,,,8.0,0.258,1.0,5.0,3.0,7.0,11.0,0.333,,,
2022_01_GB_MIN,202209110min,2022,1,REG,MIN,GB,Kirk Cousins,CousKi00,0.0,0.0,,,8.0,0.258,1.0,5.0,3.0,7.0,11.0,0.333,,,
2022_01_GB_MIN,202209110min,2022,1,REG,MIN,GB,Kirk Cousins,CousKi00,0.0,0.0,,,8.0,0.258,1.0,5.0,3.0,7.0,11.0,0.333,,,
2022_01_GB_MIN,202209110min,2022,1,REG,MIN,GB,Kirk Cousins,CousKi00,0.0,0.0,,,8.0,0.258,1.0,5.0,3.0,7.0,11.0,0.333,,,
2022_01_GB_MIN,202209110min,2022,1,REG,MIN,GB,Kirk Cousins,CousKi00,0.0,0.0,,,8.0,0.258,1.0,5.0,3.0,7.0,11.0,0.333,,,
2022_01_GB_MIN,202209110min,2022,1,REG,MIN,GB,Kirk Cousins,CousKi00,0.0,0.0,,,8.0,0.258,1.0,5.0,3.0,7.0,11.0,0.333,,,
2022_01_GB_MIN,202209110min,2022,1,REG,MIN,GB,Kirk Cousins,CousKi00,0.0,0.0,,,8.0,0.258,1.0,5.0,3.0,7.0,11.0,0.333,,,
2022_01_GB_MIN,202209110min,2022,1,REG,MIN,GB,Kirk Cousins,CousKi00,0.0,0.0,,,8.0,0.258,1.0,5.0,3.0,7.0,11.0,0.333,,,
2022_01_GB_MIN,202209110min,2022,1,REG,GB,MIN,Aaron Rodgers,RodgAa00,2.0,0.065,,,4.0,0.129,4.0,8.0,6.0,1.0,11.0,0.289,,,
2022_01_GB_MIN,202209110min,2022,1,REG,GB,MIN,Jordan Love,LoveJo03,0.0,0.0,,,0.0,0.0,0.0,0.0,0.0,0.0,0.0,0.0,,,
2022_01_GB_MIN,202209110min,2022,1,REG,GB,MIN,Aaron Rodgers,RodgAa00,2.0,0.065,,,4.0,0.129,4.0,8.0,6.0,1.0,11.0,0.289,,,
2022_01_GB_MIN,202209110min,2022,1,REG,GB,MIN,Jordan Love,LoveJo03,0.0,0.0,,,0.0,0.0,0.0,0.0,0.0,0.0,0.0,0.0,,,
2022_01_GB_MIN,202209110min,2022,1,REG,GB,MIN,Aaron Rodgers,RodgAa00,2.0,0.065,,,4.0,0.129,4.0,8.0,6.0,1.0,11.0,0.289,,,
2022_01_GB_MIN,202209110min,2022,1,REG,GB,MIN,Jordan Love,LoveJo03,0.0,0.0,,,0.0,0.0,0.0,0.0,0.0,0.0,0.0,0.0,,,
2022_01_GB_MIN,202209110min,2022,1,REG,GB,MIN,Aaron Rodgers,RodgAa00,2.0,0.065,,,4.0,0.129,4.0,8.0,6.0,1.0,11.0,0.289,,,
2022_01_GB_MIN,202209110min,2022,1,REG,GB,MIN,Jordan Love,LoveJo03,0.0,0.0,,,0.0,0.0,0.0,0.0,0.0,0.0,0.0,0.0,,,
2022_01_GB_MIN,202209110min,2022,1,REG,GB,MIN,Aaron Rodgers,RodgAa00,2.0,0.065,,,4.0,0.129,4.0,8.0,6.0,1.0,11.0,0.289,,,
2022_01_GB_MIN,202209110min,2022,1,REG,GB,MIN,Jordan Love,LoveJo03,0.0,0.0,,,0.0,0.0,0.0,0.0,0.0,0.0,0.0,0.0,,,
2022_01_GB_MIN,202209110min,2022,1,REG,GB,MIN,Aaron Rodgers,RodgAa00,2.0,0.065,,,4.0,0.129,4.0,8.0,6.0,1.0,11.0,0.289,,,
2022_01_GB_MIN,202209110min,2022,1,REG,GB,MIN,Jordan Love,LoveJo03,0.0,0.0,,,0.0,0.0,0.0,0.0,0.0,0.0,0.0,0.0,,,
2022_01_GB_MIN,202209110min,2022,1,REG,GB,MIN,Aaron Rodgers,RodgAa00,2.0,0.065,,,4.0,0.129,4.0,8.0,6.0,1.0,11.0,0.289,,,
2022_01_GB_MIN,202209110min,2022,1,REG,GB,MIN,Jordan Love,LoveJo03,0.0,0.0,,,0.0,0.0,0.0,0.0,0.0,0.0,0.0,0.0,,,
2022_01_GB_MIN,202209110min,2022,1,REG,GB,MIN,Aaron Rodgers,RodgAa00,2.0,0.065,,,4.0,0.129,4.0,8.0,6.0,1.0,11.0,0.289,,,
2022_01_GB_MIN,202209110min,2022,1,REG,GB,MIN,Jordan Love,LoveJo03,0.0,0.0,,,0.0,0.0,0.0,0.0,0.0,0.0,0.0,0.0,,,
2022_01_NYG_TEN,202209110oti,2022,1,REG,TEN,NYG,Ryan Tannehill,TannRy00,4.0,0.129,,,5.0,0.161,1.0,15.0,5.0,4.0,10.0,0.286,,,
2022_01_NYG_TEN,202209110oti,2022,1,REG,TEN,NYG,Ryan Tannehill,TannRy00,4.0,0.129,,,5.0,0.161,1.0,15.0,5.0,4.0,10.0,0.286,,,
2022_01_NYG_TEN,202209110oti,2022,1,REG,TEN,NYG,Ryan Tannehill,TannRy00,4.0,0.129,,,5.0,0.161,1.0,15.0,5.0,4.0,10.0,0.286,,,
2022_01_NYG_TEN,202209110oti,2022,1,REG,TEN,NYG,Ryan Tannehill,TannRy00,4.0,0.129,,,5.0,0.161,1.0,15.0,5.0,4.0,10.0,0.286,,,
2022_01_NYG_TEN,202209110oti,2022,1,REG,TEN,NYG,Ryan Tannehill,TannRy00,4.0,0.129,,,5.0,0.161,1.0,15.0,5.0,4.0,10.0,0.286,,,
2022_01_NYG_TEN,202209110oti,2022,1,REG,TEN,NYG,Ryan Tannehill,TannRy00,4.0,0.129,,,5.0,0.161,1.0,15.0,5.0,4.0,10.0,0.286,,,
2022_01_NYG_TEN,202209110oti,2022,1,REG,TEN,NYG,Ryan Tannehill,TannRy00,4.0,0.129,,,5.0,0.161,1.0,15.0,5.0,4.0,10.0,0.286,,,
2022_01_NYG_TEN,202209110oti,2022,1,REG,TEN,NYG,Ryan Tannehill,TannRy00,4.0,0.129,,,5.0,0.161,1.0,15.0,5.0,4.0,10.0,0.286,,,
2022_01_NYG_TEN,202209110oti,2022,1,REG,NYG,TEN,Daniel Jones,JoneDa05,1.0,0.048,,,2.0,0.095,5.0,10.0,7.0,4.0,16.0,0.571,,,
2022_01_NYG_TEN,202209110oti,2022,1,REG,NYG,TEN,Daniel Jones,JoneDa05,1.0,0.048,,,2.0,0.095,5.0,10.0,7.0,4.0,16.0,0.571,,,
2022_01_NYG_TEN,202209110oti,2022,1,REG,NYG,TEN,Daniel Jones,JoneDa05,1.0,0.048,,,2.0,0.095,5.0,10.0,7.0,4.0,16.0,0.571,,,
2022_01_NYG_TEN,202209110oti,2022,1,REG,NYG,TEN,Daniel Jones,JoneDa05,1.0,0.048,,,2.0,0.095,5.0,10.0,7.0,4.0,16.0,0.571,,,
2022_01_NYG_TEN,202209110oti,2022,1,REG,NYG,TEN,Daniel Jones,JoneDa05,1.0,0.048,,,2.0,0.095,5.0,10.0,7.0,4.0,16.0,0.571,,,
2022_01_NYG_TEN,202209110oti,2022,1,REG,NYG,TEN,Daniel Jones,JoneDa05,1.0,0.048,,,2.0,0.095,5.0,10.0,7.0,4.0,16.0,0.571,,,
2022_01_NYG_TEN,202209110oti,2022,1,REG,NYG,TEN,Daniel Jones,JoneDa05,1.0,0.048,,,2.0,0.095,5.0,10.0,7.0,4.0,16.0,0.571,,,
2022_01_NYG_TEN,202209110oti,2022,1,REG,NYG,TEN,Daniel Jones,JoneDa05,1.0,0.048,,,2.0,0.095,5.0,10.0,7.0,4.0,16.0,0.571,,,
2022_01_TB_DAL,202209110dal,2022,1,REG,DAL,TB,Dak Prescott,PresDa01,0.0,0.0,,,11.0,0.393,2.0,12.0,5.0,4.0,11.0,0.355,,,
2022_01_TB_DAL,202209110dal,2022,1,REG,DAL,TB,Cooper Rush,RushCo00,1.0,0.077,,,4.0,0.308,2.0,3.0,2.0,1.0,5.0,0.333,,,
2022_01_TB_DAL,202209110dal,2022,1,REG,DAL,TB,Dak Prescott,PresDa01,0.0,0.0,,,11.0,0.393,2.0,12.0,5.0,4.0,11.0,0.355,,,
2022_01_TB_DAL,202209110dal,2022,1,REG,DAL,TB,Cooper Rush,RushCo00,1.0,0.077,,,4.0,0.308,2.0,3.0,2.0,1.0,5.0,0.333,,,
2022_01_TB_DAL,202209110dal,2022,1,REG,DAL,TB,Dak Prescott,PresDa01,0.0,0.0,,,11.0,0.393,2.0,12.0,5.0,4.0,11.0,0.355,,,
2022_01_TB_DAL,202209110dal,2022,1,REG,DAL,TB,Cooper Rush,RushCo00,1.0,0.077,,,4.0,0.308,2.0,3.0,2.0,1.0,5.0,0.333,,,
2022_01_TB_DAL,202209110dal,2022,1,REG,DAL,TB,Dak Prescott,PresDa01,0.0,0.0,,,11.0,0.393,2.0,12.0,5.0,4.0,11.0,0.355,,,
2022_01_TB_DAL,202209110dal,2022,1,REG,DAL,TB,Cooper Rush,RushCo00,1.0,0.077,,,4.0,0.308,2.0,3.0,2.0,1.0,5.0,0.333,,,
2022_01_TB_DAL,202209110dal,2022,1,REG,DAL,TB,Dak Prescott,PresDa01,0.0,0.0,,,11.0,0.393,2.0,12.0,5.0,4.0,11.0,0.355,,,
2022_01_TB_DAL,202209110dal,2022,1,REG,DAL,TB,Cooper Rush,RushCo00,1.0,0.077,,,4.0,0.308,2.0,3.0,2.0,1.0,5.0,0.333,,,
2022_01_TB_DAL,202209110dal,2022,1,REG,DAL,TB,Dak Prescott,PresDa01,0.0,0.0,,,11.0,0.393,2.0,12.0,5.0,4.0,11.0,0.355,,,
2022_01_TB_DAL,202209110dal,2022,1,REG,DAL,TB,Cooper Rush,RushCo00,1.0,0.077,,,4.0,0.308,2.0,3.0,2.0,1.0,5.0,0.333,,,
2022_01_TB_DAL,202209110dal,2022,1,REG,DAL,TB,Dak Prescott,PresDa01,0.0,0.0,,,11.0,0.393,2.0,12.0,5.0,4.0,11.0,0.355,,,
2022_01_TB_DAL,202209110dal,2022,1,REG,DAL,TB,Cooper Rush,RushCo00,1.0,0.077,,,4.0,0.308,2.0,3.0,2.0,1.0,5.0,0.333,,,
2022_01_TB_DAL,202209110dal,2022,1,REG,DAL,TB,Dak Prescott,PresDa01,0.0,0.0,,,11.0,0.393,2.0,12.0,5.0,4.0,11.0,0.355,,,
2022_01_TB_DAL,202209110dal,2022,1,REG,DAL,TB,Cooper Rush,RushCo00,1.0,0.077,,,4.0,0.308,2.0,3.0,2.0,1.0,5.0,0.333,,,
2022_01_TB_DAL,202209110dal,2022,1,REG,TB,DAL,Tom Brady,BradTo00,2.0,0.074,,,5.0,0.185,2.0,6.0,3.0,2.0,7.0,0.241,,,
2022_01_TB_DAL,202209110dal,2022,1,REG,TB,DAL,Tom Brady,BradTo00,2.0,0.074,,,5.0,0.185,2.0,6.0,3.0,2.0,7.0,0.241,,,
2022_01_TB_DAL,202209110dal,2022,1,REG,TB,DAL,Tom Brady,BradTo00,2.0,0.074,,,5.0,0.185,2.0,6.0,3.0,2.0,7.0,0.241,,,
2022_01_TB_DAL,202209110dal,2022,1,REG,TB,DAL,Tom Brady,BradTo00,2.0,0.074,,,5.0,0.185,2.0,6.0,3.0,2.0,7.0,0.241,,,
2022_01_TB_DAL,202209110dal,2022,1,REG,TB,DAL,Tom Brady,BradTo00,2.0,0.074,,,5.0,0.185,2.0,6.0,3.0,2.0,7.0,0.241,,,
2022_01_TB_DAL,202209110dal,2022,1,REG,TB,DAL,Tom Brady,BradTo00,2.0,0.074,,,5.0,0.185,2.0,6.0,3.0,2.0,7.0,0.241,,,
2022_01_TB_DAL,202209110dal,2022,1,REG,TB,DAL,Tom Brady,BradTo00,2.0,0.074,,,5.0,0.185,2.0,6.0,3.0,2.0,7.0,0.241,,,
2022_01_TB_DAL,202209110dal,2022,1,REG,TB,DAL,Tom Brady,BradTo00,2.0,0.074,,,5.0,0.185,2.0,6.0,3.0,2.0,7.0,0.241,,,
2022_01_DEN_SEA,202209120sea,2022,1,REG,SEA,DEN,Geno Smith,SmitGe00,0.0,0.0,,,2.0,0.074,2.0,12.0,4.0,2.0,8.0,0.258,,,
2022_01_DEN_SEA,202209120sea,2022,1,REG,SEA,DEN,Geno Smith,SmitGe00,0.0,0.0,,,2.0,0.074,2.0,12.0,4.0,2.0,8.0,0.258,,,
2022_01_DEN_SEA,202209120sea,2022,1,REG,SEA,DEN,Geno Smith,SmitGe00,0.0,0.0,,,2.0,0.074,2.0,12.0,4.0,2.0,8.0,0.258,,,
2022_01_DEN_SEA,202209120sea,2022,1,REG,SEA,DEN,Geno Smith,SmitGe00,0.0,0.0,,,2.0,0.074,2.0,12.0,4.0,2.0,8.0,0.258,,,
2022_01_DEN_SEA,202209120sea,2022,1,REG,SEA,DEN,Geno Smith,SmitGe00,0.0,0.0,,,2.0,0.074,2.0,12.0,4.0,2.0,8.0,0.258,,,
2022_01_DEN_SEA,202209120sea,2022,1,REG,SEA,DEN,Geno Smith,SmitGe00,0.0,0.0,,,2.0,0.074,2.0,12.0,4.0,2.0,8.0,0.258,,,
2022_01_DEN_SEA,202209120sea,2022,1,REG,SEA,DEN,Geno Smith,SmitGe00,0.0,0.0,,,2.0,0.074,2.0,12.0,4.0,2.0,8.0,0.258,,,
2022_01_DEN_SEA,202209120sea,2022,1,REG,SEA,DEN,Geno Smith,SmitGe00,0.0,0.0,,,2.0,0.074,2.0,12.0,4.0,2.0,8.0,0.258,,,
2022_01_DEN_SEA,202209120sea,2022,1,REG,DEN,SEA,Russell Wilson,WilsRu00,2.0,0.049,,,6.0,0.146,2.0,9.0,8.0,6.0,16.0,0.356,,,
2022_01_DEN_SEA,202209120sea,2022,1,REG,DEN,SEA,Russell Wilson,WilsRu00,2.0,0.049,,,6.0,0.146,2.0,9.0,8.0,6.0,16.0,0.356,,,
2022_01_DEN_SEA,202209120sea,2022,1,REG,DEN,SEA,Russell Wilson,WilsRu00,2.0,0.049,,,6.0,0.146,2.0,9.0,8.0,6.0,16.0,0.356,,,
2022_01_DEN_SEA,202209120sea,2022,1,REG,DEN,SEA,Russell Wilson,WilsRu00,2.0,0.049,,,6.0,0.146,2.0,9.0,8.0,6.0,16.0,0.356,,,
2022_01_DEN_SEA,202209120sea,2022,1,REG,DEN,SEA,Russell Wilson,WilsRu00,2.0,0.049,,,6.0,0.146,2.0,9.0,8.0,6.0,16.0,0.356,,,
2022_01_DEN_SEA,202209120sea,2022,1,REG,DEN,SEA,Russell Wilson,WilsRu00,2.0,0.049,,,6.0,0.146,2.0,9.0,8.0,6.0,16.0,0.356,,,
2022_01_DEN_SEA,202209120sea,2022,1,REG,DEN,SEA,Russell Wilson,WilsRu00,2.0,0.049,,,6.0,0.146,2.0,9.0,8.0,6.0,16.0,0.356,,,
2022_01_DEN_SEA,202209120sea,2022,1,REG,DEN,SEA,Russell Wilson,WilsRu00,2.0,0.049,,,6.0,0.146,2.0,9.0,8.0,6.0,16.0,0.356,,,
2022_02_LAC_KC,202209150kan,2022,2,REG,KC,LAC,Patrick Mahomes,MahoPa00,0.0,0.0,,,4.0,0.129,1.0,10.0,1.0,2.0,4.0,0.111,,,
2022_02_LAC_KC,202209150kan,2022,2,REG,KC,LAC,Patrick Mahomes,MahoPa00,0.0,0.0,,,4.0,0.129,1.0,10.0,1.0,2.0,4.0,0.111,,,
2022_02_LAC_KC,202209150kan,2022,2,REG,KC,LAC,Patrick Mahomes,MahoPa00,0.0,0.0,,,4.0,0.129,1.0,10.0,1.0,2.0,4.0,0.111,,,
2022_02_LAC_KC,202209150kan,2022,2,REG,LAC,KC,Justin Herbert,HerbJu00,2.0,0.043,,,5.0,0.109,2.0,13.0,3.0,6.0,11.0,0.22,,,
2022_02_LAC_KC,202209150kan,2022,2,REG,LAC,KC,Justin Herbert,HerbJu00,2.0,0.043,,,5.0,0.109,2.0,13.0,3.0,6.0,11.0,0.22,,,
2022_02_LAC_KC,202209150kan,2022,2,REG,LAC,KC,Justin Herbert,HerbJu00,2.0,0.043,,,5.0,0.109,2.0,13.0,3.0,6.0,11.0,0.22,,,
